"codbeneficio","descripcion","tipobeneficio","ingastoigualbenef","indconteoproced","agrupbenef","agrupsuper","agrupsuponco","agrupdetalle","agrupseps","agrupgralprev","agruponcored","agrupsuponcored","estado","fecarga","agruppetroimi","indmer","indexcluido","fecargadl"
P02,SALUD MENTAL HOSPITALARIO,,,H,HOSPITALARIO,HOSPITALARIO,HOSPITALARIO,SALUD MENTAL,HOSPITALARIO,HOSPITALARIO,HOSPITALARIO,HOSPITALARIO,V,2022-08-12,AMBULATORIO,N,,2022-08-17
P04,CONSULTA PSIQUIATRICA,,,A,AMBULATORIO,AMBULATORIO,AMBULATORIO,SALUD MENTAL,AMBULATORIO,AMBULATORIO,AMBULATORIO,AMBULATORIO,V,2022-08-12,AMBULATORIO,N,,2022-08-17
Q00,MEDICINA FISICA Y REHABILITACION,,,A,AMBULATORIO,AMBULATORIO,AMBULATORIO,MEDICINA FISICA,AMBULATORIO,AMBULATORIO,AMBULATORIO,AMBULATORIO,V,2022-08-12,AMBULATORIO,N,,2022-08-17
R00,PREVENCION,,,A,PREVENCION,PREVENCION,PREVENCION,PREVENCION,AMBULATORIO,PREVENCION,PREVENCION,AMBULATORIO,A,2022-08-12,PREVENCION,N,S,2022-08-17
R01,CHEQUEO MEDICO GENERAL,,,A,PREVENCION,PREVENCION,PREVENCION,PREVENCION,AMBULATORIO,PREVENCION,PREVENCION,AMBULATORIO,V,2022-08-12,PREVENCION,N,S,2022-08-17
R02,CHEQUEO MEDICO SCTR,,,A,PREVENCION,PREVENCION,PREVENCION,PREVENCION,AMBULATORIO,PREVENCION,PREVENCION,AMBULATORIO,V,2022-08-12,PREVENCION,N,S,2022-08-17
R03,CHEQUEO GINECOLOGICO,,,A,PREVENCION,PREVENCION,PREVENCION,PREVENCION,AMBULATORIO,PREVENCION,PREVENCION,AMBULATORIO,V,2022-08-12,PREVENCION,N,S,2022-08-17
R04,CHEQUEO ODONTOLOGICO,,,A,PREVENCION,PREVENCION,PREVENCION,PREVENCION,AMBULATORIO,PREVENCION,PREVENCION,AMBULATORIO,V,2022-08-12,PREVENCION,N,S,2022-08-17
R05,CHEQUEO OFTALMOLOGICO,,,A,PREVENCION,PREVENCION,PREVENCION,PREVENCION,AMBULATORIO,PREVENCION,PREVENCION,AMBULATORIO,V,2022-08-12,PREVENCION,N,S,2022-08-17
R06,VACUNAS E INMUNIZACIONES,,,L,PREVENCION,PREVENCION,PREVENCION,PREVENCION,AMBULATORIO,PREVENCION,PREVENCION,AMBULATORIO,V,2022-08-12,PREVENCION,N,S,2022-08-17
S00,SEPELIO,,,L,SEPELIO,SEPELIO,SEPELIO,SEPELIO,OTROS,SEPELIO,SEPELIO,SEPELIO,V,2022-08-12,SEPELIO,N,,2022-08-17
S02,DESAMPARO SUBITO FAMILIAR,,,L,SEPELIO,SEPELIO,SEPELIO,SEPELIO,OTROS,SEPELIO,SEPELIO,SEPELIO,V,2022-08-12,SEPELIO,N,,2022-08-17
T00,TRANSPORTE POR EVACUACION,,,L,OTROS,OTROS,OTROS,TRANSPORTE,OTROS,OTROS,OTROS,OTROS,V,2022-08-12,TRANSPORTE,N,,2022-08-17
V00,PROGRAMA CONTROL DE ENFERMEDADES,,,A,PROGRAMAS CRONICOS,AMBULATORIO,AMBULATORIO,PROGRAMAS CRONICOS,AMBULATORIO,PREVENCION,PROGRAMAS CRONICOS,AMBULATORIO,A,2022-08-12,PROG. CRONICOS,N,,2022-08-17
X00,TRATAMIENTO ALTERNATIVO,,,A,AMBULATORIO,AMBULATORIO,AMBULATORIO,TRATAMIENTO ALTERNATIVO,AMBULATORIO,AMBULATORIO,AMBULATORIO,AMBULATORIO,A,2022-08-12,TRATAMIENTO ALTERNATIVO,N,,2022-08-17
Z00,SEGUNDA CAPA,,,H,AMBULATORIO,AMBULATORIO,AMBULATORIO,AMBULATORIO,AMBULATORIO,AMBULATORIO,AMBULATORIO,AMBULATORIO,A,2022-08-12,AMBULATORIO,N,,2022-08-17
PDM,POR DEFINIR  - MIGRACIÒN,,,L,OTROS,OTROS,OTROS,OTROS,OTROS,OTROS,OTROS,OTROS,A,2022-08-12,OTROS,N,,2022-08-17
P05,CONSULTA PSICOLOGICA,,,A,AMBULATORIO,AMBULATORIO,AMBULATORIO,SALUD MENTAL,SALUD MENTAL,AMBULATORIO,AMBULATORIO,AMBULATORIO,V,2022-08-12,AMBULATORIO,N,,2022-08-17
A07,HOMEOPATIA,,,A,AMBULATORIO,AMBULATORIO,AMBULATORIO,MEDICINA ALTERNATIVA,AMBULATORIO,AMBULATORIO,AMBULATORIO,AMBULATORIO,V,2022-08-12,MEDICINA ALTERNATIVA,N,,2022-08-17
A08,MANEJO DE CASOS,,,A,AMBULATORIO,AMBULATORIO,AMBULATORIO,MANEJO CASOS,AMBULATORIO,AMBULATORIO,AMBULATORIO,AMBULATORIO,V,2022-08-12,AMBULATORIO,N,,2022-08-17
X01,ACUPUNTURA,,,A,AMBULATORIO,AMBULATORIO,AMBULATORIO,TRATAMIENTO ALTERNATIVO,AMBULATORIO,AMBULATORIO,AMBULATORIO,AMBULATORIO,V,2022-08-12,TRATAMIENTO ALTERNATIVO,N,,2022-08-17
X02,TRATAMIENTO QUIROPRACTICO,,,A,AMBULATORIO,AMBULATORIO,AMBULATORIO,TRATAMIENTO ALTERNATIVO,AMBULATORIO,AMBULATORIO,AMBULATORIO,AMBULATORIO,V,2022-08-12,TRATAMIENTO ALTERNATIVO,N,,2022-08-17
X03,ORTODONCIA,,,P,ODONTOLOGIA,ODONTOLOGIA,ODONTOLOGIA,ODONTOLOGIA,AMBULATORIO,ODONTOLOGIA,ODONTOLOGIA,ODONTOLOGIA,V,2022-08-12,ODONTOLOGIA,N,,2022-08-17
A15,SEGUNDA OPINION INTERNACIONAL,,,L,AMBULATORIO,AMBULATORIO,AMBULATORIO,SEGUNDA OPINION,AMBULATORIO,AMBULATORIO,AMBULATORIO,AMBULATORIO,V,2022-08-12,SEGUNDA OPINION,N,,2022-08-17
A16,SEGUNDA OPINION NACIONAL,,,L,AMBULATORIO,AMBULATORIO,AMBULATORIO,SEGUNDA OPINION,AMBULATORIO,AMBULATORIO,AMBULATORIO,AMBULATORIO,V,2022-08-12,SEGUNDA OPINION,N,,2022-08-17
E03,ACCIDENTE DE TRABAJO EMERGENCIA,,,A,EMERGENCIA,EMERGENCIA,EMERGENCIA,EMERGENCIA,EMERGENCIA,EMERGENCIA,EMERGENCIA,EMERGENCIA,V,2022-08-12,EMERGENCIA,N,,2022-08-17
A13,REEVALUACIONES MAD,,,A,MEDICO A DOMICILIO,AMBULATORIO,AMBULATORIO,MEDICO A DOMICILIO,DOMICILIARIA,AMBULATORIO,MEDICO A DOMICILIO,AMBULATORIO,V,2022-08-12,MEDICO DOMICILIO,N,,2022-08-17
A11,CONSULTA MAD ESPECIALISTA,,,A,MEDICO A DOMICILIO,AMBULATORIO,AMBULATORIO,MEDICO A DOMICILIO,DOMICILIARIA,AMBULATORIO,MEDICO A DOMICILIO,AMBULATORIO,V,2022-08-12,MEDICO DOMICILIO,N,,2022-08-17
A12,CONSULTA DOMICILIO MED.INTERNA/PEDIATRIA,,,A,MEDICO A DOMICILIO,AMBULATORIO,AMBULATORIO,MEDICO A DOMICILIO,DOMICILIARIA,AMBULATORIO,MEDICO A DOMICILIO,AMBULATORIO,V,2022-08-12,MEDICO DOMICILIO,N,,2022-08-17
V11,ENFERMEDAD CRONICA ASMA,,,A,PROGRAMAS CRONICOS,AMBULATORIO,AMBULATORIO,PROGRAMAS CRONICOS,AMBULATORIO,PREVENCION,PROGRAMAS CRONICOS,AMBULATORIO,V,2022-08-12,PROG. CRONICOS,N,,2022-08-17
V12,ENFERMEDAD CRONICA DIABETES,,,A,PROGRAMAS CRONICOS,AMBULATORIO,AMBULATORIO,PROGRAMAS CRONICOS,AMBULATORIO,PREVENCION,PROGRAMAS CRONICOS,AMBULATORIO,V,2022-08-12,PROG. CRONICOS,N,,2022-08-17
V13,ENFERMEDAD CRONICA HIPERTENSION ARTERIAL,,,A,PROGRAMAS CRONICOS,AMBULATORIO,AMBULATORIO,PROGRAMAS CRONICOS,AMBULATORIO,PREVENCION,PROGRAMAS CRONICOS,AMBULATORIO,V,2022-08-12,PROG. CRONICOS,N,,2022-08-17
L04,MONTURAS,,,A,AMBULATORIO,AMBULATORIO,AMBULATORIO,MONTURAS Y CRISTALES,AMBULATORIO,AMBULATORIO,AMBULATORIO,AMBULATORIO,V,2022-08-12,OPTOMETRIA,N,,2022-08-17
A14,ENFERMEDADES DEL CORAZON AMBULATORIO,,,A,AMBULATORIO,AMBULATORIO,AMBULATORIO,AMBULATORIO,AMBULATORIO,AMBULATORIO,AMBULATORIO,AMBULATORIO,V,2022-08-12,AMBULATORIO,N,,2022-08-17
D06,PROTESIS DENTAL,,,P,ODONTOLOGIA,ODONTOLOGIA,ODONTOLOGIA,ODONTOLOGIA,AMBULATORIO,ODONTOLOGIA,ODONTOLOGIA,ODONTOLOGIA,V,2022-08-12,ODONTOLOGIA,N,,2022-08-17
T05,TRASLADO DE RESTOS,,,L,SEPELIO,SEPELIO,SEPELIO,SEPELIO,OTROS,SEPELIO,SEPELIO,SEPELIO,V,2022-08-12,SEPELIO,N,,2022-08-17
I01,VIH SIDA AMBULATORIO,,,A,AMBULATORIO,AMBULATORIO,AMBULATORIO,VIH,AMBULATORIO,AMBULATORIO,AMBULATORIO,AMBULATORIO,V,2022-08-12,VIH,N,,2022-08-17
I02,VIH SIDA HOSPITALARIO,,,H,HOSPITALARIO,HOSPITALARIO,HOSPITALARIO,VIH,HOSPITALARIO,HOSPITALARIO,HOSPITALARIO,HOSPITALARIO,V,2022-08-12,VIH,N,,2022-08-17
A17,RED PRIVADA RIMAC,,,A,AMBULATORIO,AMBULATORIO,AMBULATORIO,AMBULATORIO,AMBULATORIO,AMBULATORIO,AMBULATORIO,AMBULATORIO,V,2022-08-12,AMBULATORIO,N,,2022-08-17
L05,MONTURAS Y CRISTALES,,,A,AMBULATORIO,AMBULATORIO,AMBULATORIO,MONTURAS Y CRISTALES,AMBULATORIO,AMBULATORIO,AMBULATORIO,AMBULATORIO,V,2022-08-12,OPTOMETRIA,N,,2022-08-17
V14,ENFERMEDAD CRONICA DISLIPIDEMIA,,,A,PROGRAMAS CRONICOS,AMBULATORIO,AMBULATORIO,PROGRAMAS CRONICOS,AMBULATORIO,PREVENCION,PROGRAMAS CRONICOS,AMBULATORIO,V,2022-08-12,PROG. CRONICOS,N,,2022-08-17
N01,ENFERMEDAD CONGENITA AMBULATORIA,,,A,AMBULATORIO,AMBULATORIO,AMBULATORIO,ENF CONGENITAS,AMBULATORIO,AMBULATORIO,AMBULATORIO,AMBULATORIO,V,2022-08-12,AMBULATORIO,N,,2022-08-17
N02,ENFERMEDAD CONGENITA HOSPITALARIA,,,H,HOSPITALARIO,HOSPITALARIO,HOSPITALARIO,ENF CONGENITAS,HOSPITALARIO,HOSPITALARIO,HOSPITALARIO,HOSPITALARIO,V,2022-08-12,HOSPITALARIO,N,,2022-08-17
E04,ENFERMEDADES DE TRABAJO EMERGENCIA,,,A,EMERGENCIA,EMERGENCIA,EMERGENCIA,EMERGENCIA,EMERGENCIA,EMERGENCIA,EMERGENCIA,EMERGENCIA,V,2022-08-12,EMERGENCIA,N,,2022-08-17
A19,CIRUGIA AMBULATORIA,,,H,AMBULATORIO,AMBULATORIO,AMBULATORIO,AMBULATORIO,AMBULATORIO,AMBULATORIO,AMBULATORIO,AMBULATORIO,V,2022-08-12,AMBULATORIO,N,S,2022-08-17
A20,AMBULATORIO POST-OPERATORIO,,,A,AMBULATORIO,AMBULATORIO,AMBULATORIO,AMBULATORIO,AMBULATORIO,AMBULATORIO,AMBULATORIO,AMBULATORIO,V,2022-08-12,AMBULATORIO,N,,2022-08-17
V15,ENFERMEDAD CRONICA OSTEOPOROSIS,,,A,PROGRAMAS CRONICOS,AMBULATORIO,AMBULATORIO,PROGRAMAS CRONICOS,AMBULATORIO,PREVENCION,PROGRAMAS CRONICOS,AMBULATORIO,A,2022-08-12,PROG. CRONICOS,N,,2022-08-17
H04,ENFERMEDADES DE CORAZON HOSPITALARIO,,,H,HOSPITALARIO,HOSPITALARIO,HOSPITALARIO,HOSPITALARIO,HOSPITALARIO,HOSPITALARIO,HOSPITALARIO,HOSPITALARIO,V,2022-08-12,HOSPITALARIO,N,,2022-08-17
A00,AMBULATORIO,,,A,AMBULATORIO,AMBULATORIO,AMBULATORIO,AMBULATORIO,AMBULATORIO,AMBULATORIO,AMBULATORIO,AMBULATORIO,V,2022-08-12,AMBULATORIO,N,,2022-08-17
A01,ACCIDENTE DE TRABAJO AMBULATORIO,,,A,AMBULATORIO,AMBULATORIO,AMBULATORIO,AMBULATORIO,AMBULATORIO,AMBULATORIO,AMBULATORIO,AMBULATORIO,V,2022-08-12,AMBULATORIO,N,,2022-08-17
A02,MEDICO EMPRESARIAL,,,A,MEDICO EMPRESA,AMBULATORIO,AMBULATORIO,MEDICO EMPRESA,MEDICO EMPRESA,AMBULATORIO,MEDICO EMPRESA,AMBULATORIO,V,2022-08-12,AMB RED,S,,2022-08-17
H05,RIESGO QUIRURGICO PARA HOSPITALIZACION,,,A,AMBULATORIO,AMBULATORIO,AMBULATORIO,AMBULATORIO,AMBULATORIO,AMBULATORIO,AMBULATORIO,AMBULATORIO,V,2022-08-12,AMBULATORIO,N,,2022-08-17
C01,CONTROL DEL NIÑO SANO - 1 AÑO,,,A,AMBULATORIO,AMBULATORIO,AMBULATORIO,NIÑO SANO,AMBULATORIO,PREVENCION,AMBULATORIO,AMBULATORIO,V,2022-08-12,AMBULATORIO,N,,2022-08-17
D00,ODONTOLOGIA,,,P,ODONTOLOGIA,ODONTOLOGIA,ODONTOLOGIA,ODONTOLOGIA,AMBULATORIO,ODONTOLOGIA,ODONTOLOGIA,ODONTOLOGIA,V,2022-08-12,ODONTOLOGIA,N,,2022-08-17
E00,EMERGENCIA,,,A,EMERGENCIA,EMERGENCIA,EMERGENCIA,EMERGENCIA,EMERGENCIA,EMERGENCIA,EMERGENCIA,EMERGENCIA,A,2022-08-12,EMERGENCIA,N,,2022-08-17
E01,EMERGENCIA ACCIDENTAL,,,A,EMERGENCIA,EMERGENCIA,EMERGENCIA,EMERGENCIA,EMERGENCIA,EMERGENCIA,EMERGENCIA,EMERGENCIA,V,2022-08-12,EMERGENCIA,N,,2022-08-17
E02,EMERGENCIA MEDICA,,,A,EMERGENCIA,EMERGENCIA,EMERGENCIA,EMERGENCIA,EMERGENCIA,EMERGENCIA,EMERGENCIA,EMERGENCIA,V,2022-08-12,EMERGENCIA,N,,2022-08-17
F00,ACCIDENTES PERSONALES,,,A,EMERGENCIA,EMERGENCIA,EMERGENCIA,EMERGENCIA,EMERGENCIA,EMERGENCIA,EMERGENCIA,EMERGENCIA,A,2022-08-12,EMERGENCIA,N,,2022-08-17
G02,PROTESIS QUIRURGICAS,,,A,HOSPITALARIO,HOSPITALARIO,HOSPITALARIO,HOSPITALARIO,HOSPITALARIO,HOSPITALARIO,HOSPITALARIO,HOSPITALARIO,V,2022-08-12,HOSPITALARIO,N,,2022-08-17
G03,AUDIFONO,,,A,AMBULATORIO,AMBULATORIO,AMBULATORIO,AUDIFONO,AMBULATORIO,AMBULATORIO,AMBULATORIO,AMBULATORIO,V,2022-08-12,AUDIFONO,N,,2022-08-17
G04,ZAPATOS ORTOPEDICOS O PLANTILLAS,,,A,AMBULATORIO,AMBULATORIO,AMBULATORIO,ZAPATOS ORTOPEDICOS,AMBULATORIO,AMBULATORIO,AMBULATORIO,AMBULATORIO,V,2022-08-12,ZAPATOS ORTOPEDICOS,N,,2022-08-17
H00,ACCIDENTES DE TRABAJO HOSPITALARIO,,,H,HOSPITALARIO,HOSPITALARIO,HOSPITALARIO,HOSPITALARIO,HOSPITALARIO,HOSPITALARIO,HOSPITALARIO,HOSPITALARIO,V,2022-08-12,HOSPITALARIO,N,,2022-08-17
H01,HOSPITALARIO POR CIRUGIA,,,H,HOSPITALARIO,HOSPITALARIO,HOSPITALARIO,HOSPITALARIO,HOSPITALARIO,HOSPITALARIO,HOSPITALARIO,HOSPITALARIO,V,2022-08-12,HOSPITALARIO,N,,2022-08-17
H02,HOSPITALARIO POR TRATAMIENTO,,,H,HOSPITALARIO,HOSPITALARIO,HOSPITALARIO,HOSPITALARIO,HOSPITALARIO,HOSPITALARIO,HOSPITALARIO,HOSPITALARIO,V,2022-08-12,HOSPITALARIO,N,,2022-08-17
L01,OPTOMETRIA,,,A,AMBULATORIO,AMBULATORIO,AMBULATORIO,OPTOMETRIA,AMBULATORIO,PREVENCION,AMBULATORIO,AMBULATORIO,V,2022-08-12,OPTOMETRIA,N,,2022-08-17
L02,CRISTALES,,,A,AMBULATORIO,AMBULATORIO,AMBULATORIO,MONTURAS Y CRISTALES,AMBULATORIO,AMBULATORIO,AMBULATORIO,AMBULATORIO,V,2022-08-12,OPTOMETRIA,N,,2022-08-17
M01,PLANIFICACION FAMILIAR,,,A,MATERNIDAD AMBULATORIA,MATERNIDAD,MATERNIDAD,MATERNIDAD AMBULATORIA,AMBULATORIO,PREVENCION,MATERNIDAD AMBULATORIA,MATERNIDAD,V,2022-08-12,MATERNIDAD,N,,2022-08-17
M02,GASTOS PRE NATALES,,,A,MATERNIDAD AMBULATORIA,MATERNIDAD,MATERNIDAD,MATERNIDAD AMBULATORIA,AMBULATORIO,PREVENCION,MATERNIDAD AMBULATORIA,MATERNIDAD,V,2022-08-12,MATERNIDAD,N,,2022-08-17
M03,ABORTO/AMENAZA DE ABORTO AMBULATORIO,,,A,MATERNIDAD AMBULATORIA,MATERNIDAD,MATERNIDAD,MATERNIDAD AMBULATORIA,AMBULATORIO,MATERNIDAD,MATERNIDAD AMBULATORIA,MATERNIDAD,V,2022-08-12,MATERNIDAD,N,,2022-08-17
M04,PARTO  NORMAL,,,H,MATERNIDAD HOSPITALARIA,MATERNIDAD,MATERNIDAD,MATERNIDAD HOSPITALARIA,HOSPITALARIO,MATERNIDAD,MATERNIDAD HOSPITALARIA,MATERNIDAD,V,2022-08-12,MATERNIDAD,N,,2022-08-17
M05,CESAREA,,,H,MATERNIDAD HOSPITALARIA,MATERNIDAD,MATERNIDAD,MATERNIDAD HOSPITALARIA,HOSPITALARIO,MATERNIDAD,MATERNIDAD HOSPITALARIA,MATERNIDAD,V,2022-08-12,MATERNIDAD,N,,2022-08-17
M06,PARTO MULTIPLE,,,H,MATERNIDAD HOSPITALARIA,MATERNIDAD,MATERNIDAD,MATERNIDAD HOSPITALARIA,HOSPITALARIO,MATERNIDAD,MATERNIDAD HOSPITALARIA,MATERNIDAD,V,2022-08-12,MATERNIDAD,N,,2022-08-17
M07,GASTOS POST NATALES,,,A,MATERNIDAD AMBULATORIA,MATERNIDAD,MATERNIDAD,MATERNIDAD AMBULATORIA,AMBULATORIO,PREVENCION,MATERNIDAD AMBULATORIA,MATERNIDAD,V,2022-08-12,MATERNIDAD,N,,2022-08-17
M08,COMPLICACIONES EMBARAZO AMBULATORIO,,,A,MATERNIDAD AMBULATORIA,MATERNIDAD,MATERNIDAD,MATERNIDAD AMBULATORIA,AMBULATORIO,MATERNIDAD,MATERNIDAD AMBULATORIA,MATERNIDAD,V,2022-08-12,MATERNIDAD,N,,2022-08-17
M09,PSICOPROFILAXIS DEL PARTO,,,A,MATERNIDAD AMBULATORIA,MATERNIDAD,MATERNIDAD,MATERNIDAD AMBULATORIA,AMBULATORIO,PREVENCION,MATERNIDAD AMBULATORIA,MATERNIDAD,V,2022-08-12,MATERNIDAD,N,,2022-08-17
N00,ENFERMEDADES CONGENITAS,,,A,AMBULATORIO,AMBULATORIO,AMBULATORIO,ENF CONGENITAS,AMBULATORIO,AMBULATORIO,AMBULATORIO,AMBULATORIO,V,2022-08-12,AMBULATORIO,N,,2022-08-17
O00,ONCOLOGICO  (CAPITACION),,,H,CAPITACION,CAPITACION,ONCOLOGIA,ONCOLOGIA,OTROS,CAPITACION,ONCOLOGIA,ONCOLOGIA,V,2022-08-12,AMBULATORIO,N,,2022-08-17
O01,ONCOLOGICO AMBULATORIO,,,A,ONCOLOGIA AMBULATORIA,AMBULATORIO,ONCOLOGIA,ONCOLOGIA,AMBULATORIO,AMBULATORIO,ONCOLOGIA,ONCOLOGIA,V,2022-08-12,AMBULATORIO,N,,2022-08-17
O02,ONCOLOGICO HOSPITALARIO,,,H,ONCOLOGIA HOSPITALARIA,HOSPITALARIO,ONCOLOGIA,ONCOLOGIA,HOSPITALARIO,HOSPITALARIO,ONCOLOGIA,ONCOLOGIA,V,2022-08-12,HOSPITALARIO,N,,2022-08-17
P01,SALUD MENTAL AMBULATORIO,,,A,AMBULATORIO,AMBULATORIO,AMBULATORIO,SALUD MENTAL,AMBULATORIO,AMBULATORIO,AMBULATORIO,AMBULATORIO,V,2022-08-12,AMBULATORIO,N,,2022-08-17
A09,ENFERMEDADES DE TRABAJO AMBULATORIO,,,A,AMBULATORIO,AMBULATORIO,AMBULATORIO,AMBULATORIO,AMBULATORIO,AMBULATORIO,AMBULATORIO,AMBULATORIO,V,2022-08-12,AMBULATORIO,N,,2022-08-17
R07,EDUCACION PARA LA SALUD,,,L,PREVENCION,PREVENCION,PREVENCION,CHARLAS,AMBULATORIO,PREVENCION,PREVENCION,AMBULATORIO,V,2022-08-12,CHARLAS,N,S,2022-08-17
A10,TOPICO,,,A,MEDICO EMPRESA,AMBULATORIO,AMBULATORIO,MEDICO EMPRESA,MEDICO EMPRESA,AMBULATORIO,MEDICO EMPRESA,AMBULATORIO,V,2022-08-12,AMB RED,S,,2022-08-17
M10,ABORTO/AMENAZA DE ABORTO HOSPITALARIO,,,H,MATERNIDAD HOSPITALARIA,MATERNIDAD,MATERNIDAD,MATERNIDAD HOSPITALARIA,HOSPITALARIO,MATERNIDAD,MATERNIDAD HOSPITALARIA,MATERNIDAD,V,2022-08-12,MATERNIDAD,N,,2022-08-17
M11,COMPLICACIONES EMBARAZO HOSPITALARIO,,,H,MATERNIDAD HOSPITALARIA,MATERNIDAD,MATERNIDAD,MATERNIDAD HOSPITALARIA,HOSPITALARIO,MATERNIDAD,MATERNIDAD HOSPITALARIA,MATERNIDAD,V,2022-08-12,MATERNIDAD,N,,2022-08-17
E05,EMERGENCIA ALO RIMAC,,,A,OTROS,OTROS,OTROS,AMBULANCIA,EMERGENCIA,OTROS,OTROS,OTROS,V,2022-08-12,AMBULATORIO,N,,2022-08-17
G01,OTRAS ENFERMEDADES,,,A,AMBULATORIO,AMBULATORIO,AMBULATORIO,AMBULATORIO,AMBULATORIO,AMBULATORIO,AMBULATORIO,AMBULATORIO,A,2022-08-12,AMBULATORIO,N,,2022-08-17
H03,ENFERMEDADES DE TRABAJO HOSPITALARIO,,,H,HOSPITALARIO,HOSPITALARIO,HOSPITALARIO,HOSPITALARIO,HOSPITALARIO,HOSPITALARIO,HOSPITALARIO,HOSPITALARIO,V,2022-08-12,HOSPITALARIO,N,,2022-08-17
S22,RENTA POR HOSPITALIZACION DEL AFILIADO,,,,OTROS,OTROS,OTROS,OTROS,,,,,V,2022-08-12,,N,,2022-08-17
S24,RENTA HOSPITALARIA UCI POR ACC O ENF,,,,OTROS,OTROS,OTROS,OTROS,,,,,V,2022-08-12,,N,,2022-08-17
O13,CIRUGÍA PROFILÁCTICA DE CANCER MAMA/OVAR,,,,ONCOLOGIA HOSPITALARIA,HOSPITALARIO,ONCOLOGIA,ONCOLOGIA,,,,,V,2022-08-12,,N,,2022-08-17
A41,AMBULATORIO PREEXISTENTE,,,,AMBULATORIO,AMBULATORIO,AMBULATORIO,AMBULATORIO,,,,,V,2022-08-12,,N,,2022-08-17
A42,CIRUGIA AMBULATORIA PREEXISTENTE,,,,AMBULATORIO,AMBULATORIO,AMBULATORIO,AMBULATORIO,,,,,V,2022-08-12,,N,,2022-08-17
H15,HOSPITALARIO POR TRATAMIENTO PREEXISTENT,,,,HOSPITALARIO,HOSPITALARIO,HOSPITALARIO,HOSPITALARIO,,,,,V,2022-08-12,,N,,2022-08-17
H16,HOSPITALARIO POR CIRUGIA PREEXISTENT,,,,HOSPITALARIO,HOSPITALARIO,HOSPITALARIO,HOSPITALARIO,,,,,V,2022-08-12,,N,,2022-08-17
A43,AMBULATORIO ESPECIALIDADES PRIMARIAS,,,,AMBULATORIO,AMBULATORIO,AMBULATORIO,AMBULATORIO,,,,,V,2022-08-12,,N,,2022-08-17
A44,AMBULATORIO ESPECIALIDADES COMPLEMENTARI,,,,AMBULATORIO,AMBULATORIO,AMBULATORIO,AMBULATORIO,,,,,V,2022-08-12,,N,,2022-08-17
A47,DEPORTES NOTORIAMENTE PELIGR NO PROF AMB,,,,AMBULATORIO,AMBULATORIO,AMBULATORIO,AMBULATORIO,,,,,V,2022-08-12,,N,,2022-08-17
H17,DEPORTES NOTORIAMENTE PELIGR NO PROF HOS,,,,HOSPITALARIO,HOSPITALARIO,HOSPITALARIO,HOSPITALARIO,,,,,V,2022-08-12,,N,,2022-08-17
S26,INDEMIZACION POR PRIMERA CIRUGIA,,,,OTROS,OTROS,OTROS,OTROS,,,,,V,2022-08-12,,N,,2022-08-17
S27,INDEMIZACION POR EMERGENCIA ACCIDENTAL,,,,OTROS,OTROS,OTROS,OTROS,,,,,V,2022-08-12,,N,,2022-08-17
S25,RENTA HOSPITALARIA UCI POR ACCIDENTE,,,,OTROS,OTROS,OTROS,OTROS,,,,,V,2022-08-12,,N,,2022-08-17
A53,TOMOGRAFIA CORONARIA,,,,AMBULATORIO,AMBULATORIO,AMBULATORIO,AMBULATORIO,,,,,V,2022-08-12,,N,,2022-08-17
E18,AUXILIO MEDICO,,,,MEDICO A DOMICILIO,AMBULATORIO,AMBULATORIO,MEDICO A DOMICILIO,,,,,V,2022-08-12,,N,,2022-08-17
A54,RED DE APOYO AL DIAGNOSTICO,,,,AMBULATORIO,AMBULATORIO,AMBULATORIO,AMBULATORIO,,,AMBULATORIO,AMBULATORIO,V,2022-08-12,AMBULATORIO,N,,2022-08-17
R20,PREASEGURABILIDAD,,,,PREVENCION,PREVENCION,PREVENCION,PREVENCION,,,PREVENCION,,V,2022-08-12,,N,,2022-08-17
E19,EMERGENCIA ACCIDENTAL OFTALMOLOGICA,,,,EMERGENCIA,EMERGENCIA,EMERGENCIA,EMERGENCIA,,,EMERGENCIA,,V,2022-08-12,,N,,2022-08-17
E20,EMERGENCIA ACCIDENTAL DENTAL,,,,EMERGENCIA,EMERGENCIA,EMERGENCIA,EMERGENCIA,,,EMERGENCIA,,V,2022-08-12,,N,,2022-08-17
Y24,COPAGO POR DOBLE SEGURO,,,,OTROS,OTROS,OTROS,OTROS,,,OTROS,,V,2022-08-12,,N,,2022-08-17
Y25,COPAGO POR DOBLE SEGURO AMBULATORIO,,,,OTROS,OTROS,OTROS,OTROS,,,OTROS,,V,2022-08-12,,N,,2022-08-17
A61,HOSPITALIZACION EN CASA,,,,HOSPITALARIO,HOSPITALARIO,HOSPITALARIO,HOSPITALARIO,,,HOSPITALARIO,,V,2022-08-12,,N,,2022-08-17
R22,CHEQUEO MEDICO VIRTUAL,,,,PREVENCION,PREVENCION,PREVENCION,PREVENCION,,,PREVENCION,,V,2022-08-12,,N,,2022-08-17
M19,ESTERILIZACION QUIRURGICA AMBULATORIA,,,,,,,,,,,,V,2022-08-12,,N,,2022-08-17
M20,ESTERILIZACION QUIRURGICA HOSPITALARIA,,,,,,,,,,,,V,2022-08-12,,N,,2022-08-17
V26,ENFERMEDAD CRONICA DOS DIAGNOSTICOS,,,,,,,,,,,,V,2022-08-12,,N,,2022-08-17
A64,DERIVACION DE FARMACIA GENERICA,,,,,,,,,,,,V,2022-08-12,,N,,2022-08-17
A65,DERIVACION DE FARMACIA DE MARCA,,,,,,,,,,,,V,2022-08-12,,N,,2022-08-17
A66,MICROCONSULTAS,,,,,,,,,,,,V,2022-08-12,,N,,2022-08-17
P08,CONSULTA PSIQUIATRICA VIRTUAL,,,,,,,,,,,,V,2022-08-12,,N,,2022-08-17
P09,CONSULTA PSICOLOGICA VIRTUAL,,,,,,,,,,,,V,2022-08-12,,N,,2022-08-17
H23,CIRUGIA PARA COLOCACION DE IMPLANTES,,,,,,,,,,,,V,2022-08-12,,N,,2022-08-17
S23,RENTA HOSPITALARIA POR ACCIDENTE,,,,OTROS,OTROS,OTROS,OTROS,,,,,V,2022-08-12,,N,,2022-08-17
A39,AMBULATORIO EXTRANJERO POR ENF. SEVERAS,,,,AMBULATORIO,AMBULATORIO,AMBULATORIO,AMBULATORIO EN EL EXTRANJERO,,,,,V,2022-08-12,,N,,2022-08-17
A40,CIRUGIA AMB. EXTRANJERO POR ENF. SEVERAS,,,,AMBULATORIO,AMBULATORIO,AMBULATORIO,CIRUGIA AMBULATORIA EN EL EXTRANJERO,,,,,V,2022-08-12,,N,S,2022-08-17
H14,HOSPITALARIO EXTRANJERO POR ENF. SEVERAS,,,,HOSPITALARIO,HOSPITALARIO,HOSPITALARIO,HOSPITALARIO  EN EL EXTRANJERO,,,,,V,2022-08-12,,N,,2022-08-17
E17,DEPORTES NO PROFESIONALES SEVEROS,,,,EMERGENCIA,EMERGENCIA,EMERGENCIA,EMERGENCIA,,,,,V,2022-08-12,,N,,2022-08-17
R19,"SCTR SALUD - INSPECCIÓN, AUDITORÍA",,,,PREVENCION,PREVENCION,PREVENCION,PREVENCION,,,,,V,2022-08-12,,N,,2022-08-17
A45,CONSULTA MAD MEDICINA GENERAL,,,,MEDICO A DOMICILIO,AMBULATORIO,AMBULATORIO,MEDICO A DOMICILIO,,,,,V,2022-08-12,,N,,2022-08-17
A46,CONSULTA MAD MEDICINA PEDIATRICA,,,,MEDICO A DOMICILIO,AMBULATORIO,AMBULATORIO,MEDICO A DOMICILIO,,,,,V,2022-08-12,,N,,2022-08-17
Y16,TRAUMATISMO ENCEFALO CRANEANO SEVERO - I,,,,OTROS,OTROS,OTROS,INDEMNIZATORIO,,,,,V,2022-08-12,,N,,2022-08-17
Y17,TRAUMATISMO SEVERO - INDEMIZATORIO,,,,OTROS,OTROS,OTROS,INDEMNIZATORIO,,,,,V,2022-08-12,,N,,2022-08-17
Y18,ENFERMEDADES CROMOSOMICAS O GENETICAS -,,,,OTROS,OTROS,OTROS,INDEMNIZATORIO,,,,,V,2022-08-12,,N,,2022-08-17
Y19,INFECCIONES BACTERIANAS SEVERAS (SEPSIS),,,,OTROS,OTROS,OTROS,INDEMNIZATORIO,,,,,V,2022-08-12,,N,,2022-08-17
Y20,INFECCIONES CEREBRALES Y DE LAS MENINGES,,,,OTROS,OTROS,OTROS,INDEMNIZATORIO,,,,,V,2022-08-12,,N,,2022-08-17
Y21,ENFERMEDADES DEL RECIEN NACIDO (PRIMEROS,,,,OTROS,OTROS,OTROS,INDEMNIZATORIO,,,,,V,2022-08-12,,N,,2022-08-17
C02,TAMIZAJE NEONATAL,,,,AMBULATORIO,AMBULATORIO,AMBULATORIO,NIÑO SANO,,,,,V,2022-08-12,,N,,2022-08-17
A48,AMBULATORIO PEDIATRIA,,,,AMBULATORIO,AMBULATORIO,AMBULATORIO,AMBULATORIO,,,,,V,2022-08-12,,N,,2022-08-17
A49,AMBULATORIO GINECOLOGICO,,,,AMBULATORIO,AMBULATORIO,AMBULATORIO,AMBULATORIO,,,,,V,2022-08-12,,N,,2022-08-17
A50,AMBULATORIO MEDICINA INTERNA,,,,AMBULATORIO,AMBULATORIO,AMBULATORIO,AMBULATORIO,,,,,V,2022-08-12,,N,,2022-08-17
A51,TELECONSULTA,,,,TELECONSULTA,AMBULATORIO,AMBULATORIO,TELECONSULTA,,,,,V,2022-08-12,,N,,2022-08-17
A52,RED DE IMAGENES,,,,AMBULATORIO,AMBULATORIO,AMBULATORIO,AMBULATORIO,,,,,V,2022-08-12,,N,,2022-08-17
G07,PROTESIS QUIRURGICA PARA ONCOLOGIA,,,,ONCOLOGIA HOSPITALARIA,HOSPITALARIO,ONCOLOGIA,ONCOLOGIA,,,,,V,2022-08-12,,N,,2022-08-17
S28,SEPELIO POR CAUSA ONCOLOGICA,,,,SEPELIO,SEPELIO,SEPELIO,SEPELIO,,,,,V,2022-08-12,,N,,2022-08-17
A55,EXTENSION DE RECETA DELIVERY DE MEDICINA,,,,AMBULATORIO,AMBULATORIO,AMBULATORIO,AMBULATORIO,,,AMBULATORIO,AMBULATORIO,V,2022-08-12,,N,,2022-08-17
O17,TERAPIA ONCOLOGICA EN FASE DE INVESTIGAC,,,,ONCOLOGIA AMBULATORIA,ONCOLOGIA AMBULATORIA,ONCOLOGIA,AMBULATORIO,,,ONCOLOGIA,ONCOLOGIA,V,2022-08-12,,N,,2022-08-17
G08,PROTESIS QUIRURGICA Y STENT,,,,HOSPITALARIO,HOSPITALARIO,HOSPITALARIO,HOSPITALARIO,,,HOSPITALARIO,HOSPITALARIO,V,2022-08-12,,N,,2022-08-17
G09,CIRUGIA DE DISPOSITIVO IMPLANTABLES,,,,HOSPITALARIO,HOSPITALARIO,HOSPITALARIO,HOSPITALARIO,,,HOSPITALARIO,HOSPITALARIO,V,2022-08-12,,N,,2022-08-17
O14,ONCOLOGICO AMBULATORIO EN EL EXTRANJERO,,,,ONCOLOGIA AMBULATORIA,ONCOLOGIA AMBULATORIA,ONCOLOGIA,AMBULATORIO,,,ONCOLOGIA,ONCOLOGIA,V,2022-08-12,,N,,2022-08-17
O15,ONCOLOGICO HOSPITALARIO EN EL EXTRANJERO,,,,ONCOLOGIA HOSPITALARIA,ONCOLOGIA HOSPITALARIA,ONCOLOGIA,HOSPITALARIO,,,ONCOLOGIA,ONCOLOGIA,V,2022-08-12,,N,,2022-08-17
O16,MEDICAMENTOS ONCOLOGICOS EN RECAIDAS O E,,,,ONCOLOGIA AMBULATORIA,ONCOLOGIA AMBULATORIA,ONCOLOGIA,AMBULATORIO,,,ONCOLOGIA,ONCOLOGIA,V,2022-08-12,,N,,2022-08-17
H18,TRANSFUSION DE SANGRE,,,,HOSPITALARIO,HOSPITALARIO,HOSPITALARIO,HOSPITALARIO,,,HOSPITALARIO,HOSPITALARIO,V,2022-08-12,,N,,2022-08-17
H19,EXAMEMEN DE DONANTE DE SANGRE,,,,HOSPITALARIO,HOSPITALARIO,HOSPITALARIO,HOSPITALARIO,,,HOSPITALARIO,HOSPITALARIO,V,2022-08-12,,N,,2022-08-17
A56,AMBULATORIO MEDICINA GENERAL,,,,AMBULATORIO,AMBULATORIO,AMBULATORIO,AMBULATORIO,,,AMBULATORIO,,V,2022-08-12,,N,,2022-08-17
O18,CUIDADO PALEATIVO ONCOLOGICO,,,,ONCOLOGIA AMBULATORIA,ONCOLOGIA AMBULATORIA,ONCOLOGIA,ONCOLOGIA,,,ONCOLOGIA AMBULATORIA,,V,2022-08-12,,N,,2022-08-17
A57,AMBULATORIO UROLOGIA,,,,AMBULATORIO,AMBULATORIO,AMBULATORIO,AMBULATORIO,,,AMBULATORIO,,V,2022-08-12,,N,,2022-08-17
A58,AMBULATORIO GASTROENTEROLOGIA,,,,AMBULATORIO,AMBULATORIO,AMBULATORIO,AMBULATORIO,,,AMBULATORIO,,V,2022-08-12,,N,,2022-08-17
A59,AMBULATORIO TRAUMATOLOGIA,,,,AMBULATORIO,AMBULATORIO,AMBULATORIO,AMBULATORIO,,,AMBULATORIO,,V,2022-08-12,,N,,2022-08-17
Y22,ONCOLOGICO INDEMIZATORIO COMPLETO,,,,OTROS,OTROS,OTROS,OTROS,,,OTROS,,V,2022-08-12,,N,,2022-08-17
Y23,INDEMIZATORIO RECIEN ANCIDO,,,,OTROS,OTROS,OTROS,OTROS,,,OTROS,,V,2022-08-12,,N,,2022-08-17
R21,CHEQUEO PSICOLOGICO,,,,PREVENCION,PREVENCION,PREVENCION,PREVENCION,,,PREVENCION,,V,2022-08-12,,N,,2022-08-17
A60,ATENCION EMPRESARIAL EN SEDE,,,,MEDICO EMPRESA,AMBULATORIO,AMBULATORIO,MEDICO EMPRESA,,,AMBULATORIO,,V,2022-08-12,,N,,2022-08-17
A62,ENFERMEDADES RESPIRATORIAS AMBULATORIAS,,,,AMBULATORIO,AMBULATORIO,AMBULATORIO,AMBULATORIO,,,AMBULATORIO,,V,2022-08-12,,N,,2022-08-17
A63,EFNFERMEDADES TROPICALES AMBULATORIAS,,,,AMBULATORIO,AMBULATORIO,AMBULATORIO,AMBULATORIO,,,AMBULATORIO,,V,2022-08-12,,N,,2022-08-17
E21,ENFERMEDADES RESPIRATORIAS SERV EMERGEN,,,,EMERGENCIA,EMERGENCIA,EMERGENCIA,EMERGENCIA,,,EMERGENCIA,,V,2022-08-12,,N,,2022-08-17
H20,ENFERMEDADES RESPIRATORIAS HOSPITALARIAS,,,,HOSPITALARIO,HOSPITALARIO,HOSPITALARIO,HOSPITALARIO,,,HOSPITALARIO,,V,2022-08-12,,N,,2022-08-17
H21,EFNFERMEDADES TROPICALES HOSPITALARARIAS,,,,HOSPITALARIO,HOSPITALARIO,HOSPITALARIO,HOSPITALARIO,,,HOSPITALARIO,,V,2022-08-12,,N,,2022-08-17
H22,HOSPITALARIO POR EMERGENCIA ACCIDENTAL,,,,,,,,,,,,V,2022-08-12,,N,,2022-08-17
V27,PROGRAMA DE CRONICO COMPLEJO,,,,,,,,,,,,V,2022-08-12,,N,,2022-08-17
V28,MONITOREO DE PACIENTES DIABETICOS,,,,,,,,,,,,V,2022-08-12,,N,,2022-08-17
A67,CUIDADO PALIATIVO NO ONCOLOGICO,,,,,,,,,,,,V,2022-08-12,,N,,2022-08-17
A68,DERIVACION DE FARMACIA,,,,,,,,,,,,V,2022-08-12,,N,,2022-08-17
A69,MEDICO DE CABECERA,,,,,,,,,,,,V,2022-08-12,,N,,2022-08-17
H24,CIRUGIA DE ALTA COMPLEJIDAD,,,,,,,,,,,,V,2022-08-12,,N,,2022-08-17
R27,PROGRAMA DE NUTRICION,,,,,,,,,,,,V,2022-08-12,,N,,2022-08-17
R23,LECTURA DE RESULTADOS,,,,,,,,,,,,V,2022-08-12,,N,,2022-08-17
R24,CHEQUEO MEDICO GRUPO DE RIESGO NIÑOS,,,,,,,,,,,,V,2022-08-12,,N,,2022-08-17
R25,CHEQUEO MEDICO GRUPO DE RIESGO ADULTOS,,,,,,,,,,,,V,2022-08-12,,N,,2022-08-17
R26,CHEQUEO MEDICO GRUPO DE RIESGO MUJERES,,,,,,,,,,,,V,2022-08-12,,N,,2022-08-17
L11,OFTALMOLOGIA A DOMICILIO,,,,,,,,,,,,V,2022-08-12,,N,,2022-08-17
A70,CONSULTA NUTRICIONAL VIRTUAL,,,,,,,,,,,,V,2022-08-12,,N,,2022-08-17
C03,NIÑO SANO PEAS,,,,,,,,,,,,V,2022-08-12,,N,,2022-08-17
R28,CHEQUEO ADOLESCENTE PEAS,,,,,,,,,,,,V,2022-08-12,,N,,2022-08-17
L12,MONTURAS Y CRISTALES PEAS,,,,,,,,,,,,V,2022-08-12,,N,,2022-08-17
A03,AMB RED,,,A,AMB RED,AMBULATORIO,AMBULATORIO,AMB RED,AMBULATORIO,AMBULATORIO,AMB RED,AMB RED,V,2022-08-12,AMB RED,S,,2022-08-17
A04,AMBULATORIO CON RECUPERO ESPECIAL,,,A,AMBULATORIO,AMBULATORIO,AMBULATORIO,AMBULATORIO,AMBULATORIO,AMBULATORIO,AMBULATORIO,AMBULATORIO,V,2022-08-12,AMBULATORIO,N,,2022-08-17
A05,AMBULATORIO CON RECUPERO 2,,,A,AMBULATORIO,AMBULATORIO,AMBULATORIO,AMBULATORIO,AMBULATORIO,AMBULATORIO,AMBULATORIO,AMBULATORIO,A,2022-08-12,AMBULATORIO,N,,2022-08-17
E06,EMERGENCIA ACCIDENTAL CONTINUACION,,,A,EMERGENCIA,EMERGENCIA,EMERGENCIA,EMERGENCIA,EMERGENCIA,EMERGENCIA,EMERGENCIA,EMERGENCIA,V,2022-08-12,EMERGENCIA,N,,2022-08-17
Z01,CAPITACION,,,H,CAPITACION,CAPITACION,CAPITACION,CAPITACION ESPECIAL,OTROS,CAPITACION,CAPITACION ESPECIAL,CAPITACION ESPECIAL,V,2022-08-12,CAPITACION ESPECIAL,N,,2022-08-17
H06,HOSPITALIZACION,,,H,HOSPITALARIO,HOSPITALARIO,HOSPITALARIO,HOSPITALARIO,HOSPITALARIO,HOSPITALARIO,HOSPITALARIO,HOSPITALARIO,A,2022-08-12,HOSPITALARIO,N,,2022-08-17
P00,SALUD MENTAL,,,A,AMBULATORIO,AMBULATORIO,AMBULATORIO,SALUD MENTAL,AMBULATORIO,PREVENCION,AMBULATORIO,AMBULATORIO,A,2022-08-12,AMBULATORIO,N,,2022-08-17
Q01,TERAPIA FISICA,,,A,AMBULATORIO,AMBULATORIO,AMBULATORIO,MEDICINA FISICA,AMBULATORIO,AMBULATORIO,AMBULATORIO,AMBULATORIO,A,2022-08-12,AMBULATORIO,N,,2022-08-17
S01,LUTO POR SEPELIO,,,L,SEPELIO,SEPELIO,SEPELIO,SEPELIO,OTROS,SEPELIO,SEPELIO,SEPELIO,V,2022-08-12,SEPELIO,N,,2022-08-17
M00,MATERNIDAD,,,A,MATERNIDAD AMBULATORIA,MATERNIDAD,MATERNIDAD,MATERNIDAD AMBULATORIA,AMBULATORIO,MATERNIDAD,MATERNIDAD AMBULATORIA,MATERNIDAD,A,2022-08-12,MATERNIDAD,N,,2022-08-17
S03,MUERTE ACCIDENTAL,,,L,SEPELIO,SEPELIO,SEPELIO,SEPELIO,OTROS,SEPELIO,SEPELIO,SEPELIO,V,2022-08-12,SEPELIO,N,,2022-08-17
R08,CHEQUEO MEDICO VIP,,,A,PREVENCION,PREVENCION,PREVENCION,PREVENCION,AMBULATORIO,PREVENCION,PREVENCION,AMBULATORIO,V,2022-08-12,PREVENCION,N,S,2022-08-17
R09,CHEQUEO GINECOLOGICO VIP,,,A,PREVENCION,PREVENCION,PREVENCION,PREVENCION,AMBULATORIO,PREVENCION,PREVENCION,AMBULATORIO,V,2022-08-12,PREVENCION,N,S,2022-08-17
R10,CHEQUEO OFTALMOLOGICO VIP,,,A,PREVENCION,PREVENCION,PREVENCION,PREVENCION,AMBULATORIO,PREVENCION,PREVENCION,AMBULATORIO,V,2022-08-12,PREVENCION,N,S,2022-08-17
R11,CHEQUEO ODONTOLOGICO VIP,,,A,PREVENCION,PREVENCION,PREVENCION,PREVENCION,AMBULATORIO,PREVENCION,PREVENCION,AMBULATORIO,V,2022-08-12,PREVENCION,N,S,2022-08-17
A18,RENOVACION DE RECETA,,,A,AMBULATORIO,AMBULATORIO,AMBULATORIO,AMBULATORIO,AMBULATORIO,AMBULATORIO,AMBULATORIO,AMBULATORIO,V,2022-08-12,AMBULATORIO,N,,2022-08-17
A21,AMBULATORIO MEDICO PREFERENTE,,,A,AMBULATORIO,AMBULATORIO,AMBULATORIO,AMBULATORIO,AMBULATORIO,AMBULATORIO,AMBULATORIO,AMBULATORIO,V,2022-08-12,AMBULATORIO,N,,2022-08-17
A22,AMBULATORIO ESPECIALIDADES,,,A,AMBULATORIO,AMBULATORIO,AMBULATORIO,AMBULATORIO,AMBULATORIO,AMBULATORIO,AMBULATORIO,AMBULATORIO,V,2022-08-12,AMBULATORIO,N,,2022-08-17
Q02,MEDICINA FISICA CON RECUPERO,,,A,AMBULATORIO,AMBULATORIO,AMBULATORIO,MEDICINA FISICA,AMBULATORIO,AMBULATORIO,AMBULATORIO,AMBULATORIO,V,2022-08-12,AMBULATORIO,N,,2022-08-17
"8",ONCOLOGIA,,,A,ONCOLOGIA HOSPITALARIA,HOSPITALARIO,ONCOLOGIA,ONCOLOGIA,AMBULATORIO,AMBULATORIO,ONCOLOGIA,ONCOLOGIA,V,2009-01-01,ONCOLOGIA,N,,2022-08-17
"16",ABORTO NO PROVOCADO Y/O AMENAZA,,,H,MATERNIDAD HOSPITALARIA,MATERNIDAD,MATERNIDAD,MATERNIDAD HOSPITALARIA,HOSPITALARIO,MATERNIDAD,MATERNIDAD HOSPITALARIA,MATERNIDAD,V,2009-01-01,MATERNIDAD HOSPITALARIA,N,,2022-08-17
"18",CONSULTAS PRE/POST NATALES,,,A,MATERNIDAD AMBULATORIA,MATERNIDAD,MATERNIDAD,MATERNIDAD AMBULATORIA,AMBULATORIO,PREVENCION,MATERNIDAD AMBULATORIA,MATERNIDAD,V,2009-01-01,MATERNIDAD,N,,2022-08-17
"20",COMPLICACIONES ORGANICAS EMBARAZO,,,A,MATERNIDAD AMBULATORIA,MATERNIDAD,MATERNIDAD,MATERNIDAD AMBULATORIA,AMBULATORIO,MATERNIDAD,MATERNIDAD AMBULATORIA,MATERNIDAD,V,2009-01-01,MATERNIDAD,N,,2022-08-17
X3,HEMOTERAPIA,,,L,HOSPITALARIO,HOSPITALARIO,HOSPITALARIO,HOSPITALARIO,OTROS,OTROS,OTROS,OTROS,V,2009-01-01,OTROS,N,,2022-08-17
"31",URGENCIA ASISTIDA,,,A,EMERGENCIA,EMERGENCIA,EMERGENCIA,EMERGENCIA,EMERGENCIA,EMERGENCIA,EMERGENCIA,EMERGENCIA,V,2009-01-01,EMERGENCIA,N,,2022-08-17
Y3,MEDICINA FISICA REHABILITACION,,,A,AMBULATORIO,AMBULATORIO,AMBULATORIO,MEDICINA FISICA,AMBULATORIO,AMBULATORIO,AMBULATORIO,AMBULATORIO,V,2009-01-01,AMBULATORIO,N,,2022-08-17
Y9,MEDICION DE VISTA,,,A,PREVENCION,PREVENCION,PREVENCION,PREVENCION,AMBULATORIO,PREVENCION,PREVENCION,AMBULATORIO,V,2009-01-01,PREVENCION,N,,2022-08-17
Z4,TRANSPLANTE DE ORGANOS,,,L,OTROS,OTROS,OTROS,OTROS,OTROS,OTROS,OTROS,OTROS,V,2009-01-01,OTROS,N,,2022-08-17
W0,INVALIDEZ PERMANENTE PARCIAL,,,L,OTROS,OTROS,OTROS,OTROS,OTROS,OTROS,OTROS,OTROS,V,2009-01-01,OTROS,N,,2022-08-17
Z9,PSICOLOGIA,,,A,AMBULATORIO,AMBULATORIO,AMBULATORIO,AMBULATORIO,AMBULATORIO,AMBULATORIO,AMBULATORIO,AMBULATORIO,V,2009-01-01,AMBULATORIO,N,,2022-08-17
V17,HIPERTENSION SP (SIN PROTOCOLO),,,A,PROGRAMAS CRONICOS,AMBULATORIO,AMBULATORIO,PROGRAMAS CRONICOS,AMBULATORIO,PREVENCION,PROGRAMAS CRONICOS,AMBULATORIO,V,2022-08-12,PROG. CRONICOS,N,,2022-08-17
V18,DIABETES SP (SIN PROTOCOLO),,,A,PROGRAMAS CRONICOS,AMBULATORIO,AMBULATORIO,PROGRAMAS CRONICOS,AMBULATORIO,PREVENCION,PROGRAMAS CRONICOS,AMBULATORIO,V,2022-08-12,PROG. CRONICOS,N,,2022-08-17
V19,DISLIPIDEMIA SP (SIN PROTOCOLO),,,A,PROGRAMAS CRONICOS,AMBULATORIO,AMBULATORIO,PROGRAMAS CRONICOS,AMBULATORIO,PREVENCION,PROGRAMAS CRONICOS,AMBULATORIO,V,2022-08-12,PROG. CRONICOS,N,,2022-08-17
L06,EXCIMER LASER,,,A,AMBULATORIO,AMBULATORIO,AMBULATORIO,OFTALMOLOGIA,AMBULATORIO,AMBULATORIO,AMBULATORIO,AMBULATORIO,V,2022-08-12,OPTOMETRIA,N,,2022-08-17
M12,TRATAMIENTO DE INFERTILIDAD,,,A,MATERNIDAD AMBULATORIA,MATERNIDAD,MATERNIDAD,MATERNIDAD AMBULATORIA,AMBULATORIO,MATERNIDAD,MATERNIDAD AMBULATORIA,MATERNIDAD,V,2022-08-12,MATERNIDAD,N,,2022-08-17
O03,TERAPIA BIOLOGICA ONCOLOGICA,,,A,ONCOLOGIA AMBULATORIA,AMBULATORIO,ONCOLOGIA,ONCOLOGIA,AMBULATORIO,AMBULATORIO,ONCOLOGIA,ONCOLOGIA,V,2022-08-12,AMBULATORIO,N,,2022-08-17
G05,PROTESIS EXTERNA,,,A,AMBULATORIO,AMBULATORIO,AMBULATORIO,PROTESIS EXTERNA,AMBULATORIO,AMBULATORIO,AMBULATORIO,AMBULATORIO,V,2022-08-12,PROTESIS EXTERNA,N,,2022-08-17
W9,GASTOS DE CURACION,,,A,AMBULATORIO,AMBULATORIO,AMBULATORIO,AMBULATORIO,AMBULATORIO,AMBULATORIO,AMBULATORIO,AMBULATORIO,V,2009-01-01,AMBULATORIO,N,,2022-08-17
W1,APOYO PARCIAL PARA CASOS DE HOSPITALIZACION,,,H,HOSPITALARIO,HOSPITALARIO,HOSPITALARIO,HOSPITALARIO,HOSPITALARIO,HOSPITALARIO,HOSPITALARIO,HOSPITALARIO,V,2009-01-01,HOSPITALARIO,N,,2022-08-17
W4,PAGO DE PENSION ESTUD. MUERTE ACCIDENTAL,,,L,OTROS,OTROS,OTROS,OTROS,OTROS,OTROS,OTROS,OTROS,V,2009-01-01,OTROS,N,,2022-08-17
X5,GASTO DE SEPELIO PARA EL RESPONSABLE ECON,,,L,SEPELIO,SEPELIO,SEPELIO,SEPELIO,SEPELIO,SEPELIO,SEPELIO,SEPELIO,V,2009-01-01,SEPELIO,N,,2022-08-17
X6,PAGO EN CASO DE HOSPITALIZACION,,,H,HOSPITALARIO,HOSPITALARIO,HOSPITALARIO,HOSPITALARIO,HOSPITALARIO,HOSPITALARIO,HOSPITALARIO,HOSPITALARIO,V,2009-01-01,HOSPITALARIO,N,,2022-08-17
W8,ENFERMEDADES DE ALTO RIESGO (CATASTROFICAS),,,H,HOSPITALARIO,HOSPITALARIO,HOSPITALARIO,HOSPITALARIO,HOSPITALARIO,HOSPITALARIO,HOSPITALARIO,HOSPITALARIO,V,2009-01-01,HOSPITALARIO,N,,2022-08-17
"49",REPATRIACION DE RESTOS,,,S,SEPELIO,SEPELIO,SEPELIO,SEPELIO,OTROS,SEPELIO,SEPELIO,SEPELIO,V,2009-01-01,SEPELIO,N,,2022-08-17
D9,PERSONAL MEDICO,,,L,OTROS,OTROS,OTROS,OTROS,OTROS,OTROS,OTROS,OTROS,V,2009-01-01,OTROS,N,,2022-08-17
"4",EMERGENCIAS MEDICAS,,,A,EMERGENCIA,EMERGENCIA,EMERGENCIA,EMERGENCIA,EMERGENCIA,EMERGENCIA,EMERGENCIA,EMERGENCIA,V,2009-01-01,EMERGENCIA,N,,2022-08-17
"23",ENFERMEDADES DEL CORAZON,,,H,HOSPITALARIO,HOSPITALARIO,HOSPITALARIO,HOSPITALARIO,HOSPITALARIO,HOSPITALARIO,HOSPITALARIO,HOSPITALARIO,V,2009-01-01,HOSPITALARIO,N,,2022-08-17
"22",ACCIDENTES PERSONALES,,,L,EMERGENCIA,EMERGENCIA,EMERGENCIA,EMERGENCIA,OTROS,OTROS,OTROS,OTROS,V,2009-01-01,OTROS,N,,2022-08-17
V9,PROGRAMA RECUPERACION POST PARTO (PERSONAL TR,,,H,MATERNIDAD HOSPITALARIA,MATERNIDAD,MATERNIDAD,MATERNIDAD HOSPITALARIA,HOSPITALARIO,MATERNIDAD,MATERNIDAD HOSPITALARIA,MATERNIDAD,V,2009-01-01,MATERNIDAD HOSPITALARIA,N,,2022-08-17
D01,DENTAL SCTR,,,L,ODONTOLOGIA,ODONTOLOGIA,ODONTOLOGIA,ODONTOLOGIA,AMBULATORIO,ODONTOLOGIA,ODONTOLOGIA,ODONTOLOGIA,V,2022-08-12,ODONTOLOGIA,N,,2022-08-17
R12,SCTR SALUD - CAPACITACIÓN,,,A,PREVENCION,PREVENCION,PREVENCION,PREVENCION,AMBULATORIO,PREVENCION,PREVENCION,AMBULATORIO,V,2022-08-12,PREVENCION,N,S,2022-08-17
G06,PROTESIS QX SCTR,,,A,AMBULATORIO,AMBULATORIO,AMBULATORIO,PROTESIS EXTERNA,AMBULATORIO,AMBULATORIO,AMBULATORIO,AMBULATORIO,V,2022-08-12,PROTESIS EXTERNA,N,,2022-08-17
T01,TRANSPORTE SCTR,,,L,OTROS,OTROS,OTROS,TRANSPORTE,OTROS,OTROS,OTROS,OTROS,V,2022-08-12,TRANSPORTE,N,,2022-08-17
A23,MANEJO DE CASO SCTR,,,A,AMBULATORIO,AMBULATORIO,AMBULATORIO,MANEJO CASOS,AMBULATORIO,AMBULATORIO,AMBULATORIO,AMBULATORIO,V,2022-08-12,AMBULATORIO,N,,2022-08-17
"911",GASTOS DE SEPELIO,,,L,SEPELIO,SEPELIO,SEPELIO,SEPELIO,OTROS,SEPELIO,SEPELIO,SEPELIO,V,2009-01-01,SEPELIO,N,,2022-08-17
"912",INVALIDEZ,,,L,OTROS,OTROS,OTROS,OTROS,OTROS,INVALIDEZ,INVALIDEZ,INVALIDEZ,V,2009-01-01,INVALIDEZ,N,,2022-08-17
"913",INVALIDEZ PARCIAL TEMPORAL,,,L,OTROS,OTROS,OTROS,OTROS,OTROS,INVALIDEZ PARCIAL TEMPORAL,INVALIDEZ PARCIAL TEMPORAL,INVALIDEZ PARCIAL TEMPORAL,V,2009-01-01,INVALIDEZ PARCIAL TEMPORAL,N,,2022-08-17
"914",INVALIDEZ TOTAL,,,L,OTROS,OTROS,OTROS,OTROS,OTROS,INVALIDEZ TOTAL,INVALIDEZ TOTAL,INVALIDEZ TOTAL,V,2009-01-01,INVALIDEZ TOTAL,N,,2022-08-17
"915",SOBREVIVENCIA,,,L,OTROS,OTROS,OTROS,OTROS,OTROS,SOBREVIVENCIA,SOBREVIVENCIA,SOBREVIVENCIA,V,2009-01-01,SOBREVIVENCIA,N,,2022-08-17
"916",GRAN INVALIDEZ,,,L,OTROS,OTROS,OTROS,OTROS,OTROS,GRAN INVALIDEZ,GRAN INVALIDEZ,GRAN INVALIDEZ,V,2009-01-01,GRAN INVALIDEZ,N,,2022-08-17
"917",INVALIDEZ PARCIAL,,,L,OTROS,OTROS,OTROS,OTROS,OTROS,INVALIDEZ PARCIAL,INVALIDEZ PARCIAL,INVALIDEZ PARCIAL,V,2009-01-01,INVALIDEZ PARCIAL,N,,2022-08-17
A24,TERAPIA BIOLOGICA NO ONCOLOGICA,,,A,AMBULATORIO,AMBULATORIO,AMBULATORIO,AMBULATORIO,AMBULATORIO,AMBULATORIO,AMBULATORIO,AMBULATORIO,V,2022-08-12,AMBULATORIO,N,,2022-08-17
R4,SESIONES PSICOLOGICAS,,,A,AMBULATORIO,AMBULATORIO,AMBULATORIO,SALUD MENTAL,AMBULATORIO,AMBULATORIO,AMBULATORIO,AMBULATORIO,V,2010-05-11,AMBULATORIO,N,,2022-08-17
X8,COBERTURA ADICIONAL,,,L,EMERGENCIA,EMERGENCIA,EMERGENCIA,EMERGENCIA,OTROS,OTROS,OTROS,OTROS,V,2010-02-08,OTROS,N,,2022-08-17
W3,MUERTE NATURAL(OTRO),,,L,SEPELIO,SEPELIO,SEPELIO,SEPELIO,OTROS,OTROS,OTROS,OTROS,V,2011-06-13,OTROS,N,,2022-08-17
"920",INVALIDEZ TOTAL / FALLECIDO,,,L,OTROS,OTROS,OTROS,OTROS,OTROS,INVALIDEZ TOTAL / FALLECIDO,INVALIDEZ TOTAL / FALLECIDO,INVALIDEZ TOTAL / FALLECIDO,V,2009-01-01,INVALIDEZ TOTAL / FALLECIDO,N,,2022-08-17
V4,DESGRAVAMEN DE PENSIONES PENDIENTES DE P,,,L,OTROS,OTROS,OTROS,OTROS,OTROS,OTROS,OTROS,OTROS,V,2010-05-11,OTROS,N,,2022-08-17
T06,REPATRIACION DE RESTOS,,,,SEPELIO,SEPELIO,SEPELIO,SEPELIO,,,,,V,2022-08-12,,N,,2022-08-17
"75","COB.ALTO RIESG-BENEF.VITAL.ONCOL,CARDIOL",,,L,OTROS,OTROS,OTROS,OTROS,OTROS,OTROS,OTROS,OTROS,V,2009-01-01,OTROS,N,,2022-08-17
"44",SEGUNDA OPINION CIRUGIA,,,L,AMBULATORIO,AMBULATORIO,AMBULATORIO,SEGUNDA OPINION,AMBULATORIO,AMBULATORIO,AMBULATORIO,AMBULATORIO,V,2009-01-01,AMBULATORIO,N,,2022-08-17
"81",CONSULTA GERIATRICA,,,A,AMBULATORIO,AMBULATORIO,AMBULATORIO,AMBULATORIO,AMBULATORIO,AMBULATORIO,AMBULATORIO,AMBULATORIO,V,2009-01-01,AMBULATORIO,N,,2022-08-17
"7",EDUCACION PARA LA SALUD,,,L,PREVENCION,PREVENCION,PREVENCION,CHARLAS,AMBULATORIO,PREVENCION,AMBULATORIO,AMBULATORIO,V,2009-01-01,AMBULATORIO,N,,2022-08-17
Z3,ASISTENCIA EN VIAJE,,,L,OTROS,OTROS,OTROS,OTROS,OTROS,OTROS,OTROS,OTROS,V,2009-01-01,OTROS,N,,2022-08-17
"52",CIRUGÍA CATASTROFICA 1ER TOPE,,,H,HOSPITALARIO,HOSPITALARIO,HOSPITALARIO,HOSPITALARIO,HOSPITALARIO,HOSPITALARIO,HOSPITALARIO,HOSPITALARIO,V,2009-01-01,HOSPITALARIO,N,,2022-08-17
V16,ASMA SP (SIN PROTOCOLO),,,A,PROGRAMAS CRONICOS,AMBULATORIO,AMBULATORIO,PROGRAMAS CRONICOS,AMBULATORIO,PREVENCION,PROGRAMAS CRONICOS,AMBULATORIO,V,2022-08-12,PROG. CRONICOS,N,,2022-08-17
V20,RINITIS SP,,,A,PROGRAMAS CRONICOS,AMBULATORIO,AMBULATORIO,PROGRAMAS CRONICOS,AMBULATORIO,PREVENCION,PROGRAMAS CRONICOS,AMBULATORIO,V,2022-08-12,PROG. CRONICOS,N,,2022-08-17
V21,PROGRAMA DE COLUMNA,,,A,PROGRAMAS CRONICOS,AMBULATORIO,AMBULATORIO,PROGRAMAS CRONICOS,AMBULATORIO,PREVENCION,PROGRAMAS CRONICOS,AMBULATORIO,A,2022-08-12,PROG. CRONICOS,N,,2022-08-17
Z02,"COB. ALTO REISG-ONCO, CARDIOL",,,L,OTROS,OTROS,OTROS,OTROS,OTROS,OTROS,OTROS,OTROS,V,2022-08-12,OTROS,N,,2022-08-17
"918",INVALIDEZ PARCIAL / FALLECIDO,,,L,OTROS,OTROS,OTROS,OTROS,OTROS,INVALIDEZ PARCIAL / FALLECIDO,INVALIDEZ PARCIAL / FALLECIDO,INVALIDEZ PARCIAL / FALLECIDO,V,2009-01-01,INVALIDEZ PARCIAL / FALLECIDO,N,,2022-08-17
"919",INVALIDEZ TOTAL TEMPORAL,,,L,OTROS,OTROS,OTROS,OTROS,OTROS,INVALIDEZ TOTAL TEMPORAL,INVALIDEZ TOTAL TEMPORAL,INVALIDEZ TOTAL TEMPORAL,V,2009-01-01,INVALIDEZ TOTAL TEMPORAL,N,,2022-08-17
O10,ALIMENTACION ACOMPAÑANTE PACIENTE ONCOLO,,,A,ONCOLOGIA HOSPITALARIA,HOSPITALARIO,ONCOLOGIA,ONCOLOGIA,HOSPITALARIO,HOSPITALARIO,ONCOLOGIA,ONCOLOGIA,V,2022-08-12,HOSPITALARIO,N,,2022-08-17
C9,DELIVERY DE MEDICINAS ONCOLOGICAS,,,A,ONCOLOGIA AMBULATORIA,AMBULATORIO,ONCOLOGIA,ONCOLOGIA,OTROS,OTROS,OTROS,OTROS,V,2010-06-08,OTROS,N,,2022-08-17
R15,CONSULTA NUTRICIONAL CHEQUEO,,,A,PREVENCION,PREVENCION,PREVENCION,PREVENCION,AMBULATORIO,PREVENCION,PREVENCION,AMBULATORIO,V,2022-08-12,PREVENCION,N,S,2022-08-17
A30,ENFERMERA ACOMPAÑANTE,,,A,AMBULATORIO,AMBULATORIO,AMBULATORIO,MANEJO CASOS,AMBULATORIO,AMBULATORIO,AMBULATORIO,AMBULATORIO,V,2022-08-12,AMBULATORIO,N,,2022-08-17
A32,ENFERMEDADES EPIDEMICAS AMBULATORIAS,,,A,AMBULATORIO,AMBULATORIO,AMBULATORIO,AMBULATORIO,AMBULATORIO,AMBULATORIO,AMBULATORIO,AMBULATORIO,V,2022-08-12,AMBULATORIO,N,,2022-08-17
R14,MY CARE,,,L,PREVENCION,PREVENCION,PREVENCION,PREVENCION,AMBULATORIO,PREVENCION,PREVENCION,AMBULATORIO,V,2022-08-12,PREVENCION,N,S,2022-08-17
X07,CIRCUNCISIÓN ELECTIVA EN RECIEN NACIDO,,,A,AMBULATORIO,AMBULATORIO,AMBULATORIO,AMBULATORIO,AMBULATORIO,AMBULATORIO,AMBULATORIO,AMBULATORIO,V,2022-08-12,AMBULATORIO,N,,2022-08-17
H12,ALIMENTACION ACOMPAÑANTE PACIENTE NO ONC,,,A,HOSPITALARIO,HOSPITALARIO,HOSPITALARIO,HOSPITALARIO,AMBULATORIO,AMBULATORIO,AMBULATORIO,AMBULATORIO,V,2022-08-12,AMBULATORIO,N,,2022-08-17
R16,SCTR SALUD - ACTIVIDADES DE HIGIENE OCUP,,,A,PREVENCION,PREVENCION,PREVENCION,PREVENCION,AMBULATORIO,PREVENCION,PREVENCION,AMBULATORIO,V,2022-08-12,PREVENCION,N,S,2022-08-17
A37,DESASTRES NATURALES AMBULATORIO,,,A,AMBULATORIO,AMBULATORIO,AMBULATORIO,AMBULATORIO,AMBULATORIO,AMBULATORIO,AMBULATORIO,AMBULATORIO,V,2022-08-12,AMBULATORIO,N,,2022-08-17
H13,DESASTRES NATURALES HOSPITALARIO,,,H,HOSPITALARIO,HOSPITALARIO,HOSPITALARIO,HOSPITALARIO,HOSPITALARIO,HOSPITALARIO,HOSPITALARIO,HOSPITALARIO,V,2022-08-12,HOSPITALARIO,N,,2022-08-17
Q1,VACUNAS,,,L,PREVENCION,PREVENCION,PREVENCION,PREVENCION,AMBULATORIO,PREVENCION,PREVENCION,AMBULATORIO,V,2011-10-11,PREVENCION,N,,2022-08-17
"33",MER MIR,,,L,MEDICO EMPRESA,AMBULATORIO,AMBULATORIO,MEDICO EMPRESA,MEDICO EMPRESA,AMBULATORIO,MEDICO EMPRESA,AMBULATORIO,V,2011-10-11,AMB RED,S,,2022-08-17
Y2,DELIVERY DE MEDICINAS,,,A,AMBULATORIO,AMBULATORIO,AMBULATORIO,AMBULATORIO,AMBULATORIO,AMBULATORIO,AMBULATORIO,AMBULATORIO,V,2009-01-01,AMBULATORIO,N,,2022-08-17
"2",AMBULATORIA,,,A,AMBULATORIO,AMBULATORIO,AMBULATORIO,AMBULATORIO,AMBULATORIO,AMBULATORIO,AMBULATORIO,AMBULATORIO,V,2009-01-01,AMBULATORIO,N,,2022-08-17
"17",CESAREA/PARTO MULTIPLE/COMPLICACIONES,,,H,MATERNIDAD HOSPITALARIA,MATERNIDAD,MATERNIDAD,MATERNIDAD HOSPITALARIA,HOSPITALARIO,MATERNIDAD,MATERNIDAD HOSPITALARIA,MATERNIDAD,V,2009-01-01,MATERNIDAD HOSPITALARIA,N,,2022-08-17
Z5,PRE/POST NATAL,,,A,MATERNIDAD AMBULATORIA,MATERNIDAD,MATERNIDAD,MATERNIDAD AMBULATORIA,AMBULATORIO,PREVENCION,MATERNIDAD AMBULATORIA,MATERNIDAD,V,2009-01-01,MATERNIDAD,N,,2022-08-17
Z7,SERVICIOS MEDICOS A DOMICILIO,,,A,MEDICO A DOMICILIO,AMBULATORIO,AMBULATORIO,MEDICO A DOMICILIO,DOMICILIARIA,AMBULATORIO,MEDICO A DOMICILIO,AMBULATORIO,V,2009-01-01,MEDICO DOMICILIO,N,,2022-08-17
Z1,PERFIL OBSTETRICO PRE NATAL (1ER TRIMESTRE),,,A,MATERNIDAD AMBULATORIA,MATERNIDAD,MATERNIDAD,MATERNIDAD AMBULATORIA,AMBULATORIO,PREVENCION,MATERNIDAD AMBULATORIA,MATERNIDAD,V,2009-01-01,MATERNIDAD,N,,2022-08-17
Z0,SCREENING GENETICO PRE NATAL,,,L,MATERNIDAD AMBULATORIA,MATERNIDAD,MATERNIDAD,MATERNIDAD AMBULATORIA,OTROS,OTROS,OTROS,OTROS,V,2009-01-01,OTROS,N,,2022-08-17
"3",MATERNIDAD,,,A,MATERNIDAD AMBULATORIA,MATERNIDAD,MATERNIDAD,MATERNIDAD AMBULATORIA,AMBULATORIO,MATERNIDAD,MATERNIDAD AMBULATORIA,MATERNIDAD,V,2009-01-01,MATERNIDAD,N,,2022-08-17
X2,OXIGENOTERAPIA,,,L,HOSPITALARIO,HOSPITALARIO,HOSPITALARIO,HOSPITALARIO,OTROS,OTROS,OTROS,OTROS,V,2009-01-01,OTROS,N,,2022-08-17
V6,RENTA HOSPITALARIA,,,L,OTROS,OTROS,OTROS,OTROS,OTROS,OTROS,OTROS,OTROS,V,2009-01-01,OTROS,N,,2022-08-17
"1",HOSPITALIZACION,,,H,HOSPITALARIO,HOSPITALARIO,HOSPITALARIO,HOSPITALARIO,HOSPITALARIO,HOSPITALARIO,HOSPITALARIO,HOSPITALARIO,V,2009-01-01,HOSPITALARIO,N,,2022-08-17
"82",CHEQUEO GENERAL,,,A,PREVENCION,PREVENCION,PREVENCION,PREVENCION,AMBULATORIO,PREVENCION,AMBULATORIO,AMBULATORIO,V,2009-01-01,PREVENCION,N,,2022-08-17
O04,CAPITACION ONCOLOGICA CLASICO,,,H,CAPITACION,CAPITACION,ONCOLOGIA,ONCOLOGIA,OTROS,CAPITACION,ONCOLOGIA,ONCOLOGIA,V,2022-08-12,AMBULATORIO,N,,2022-08-17
O05,CAPITACION ONCOLOGICA PLUS,,,A,CAPITACION,CAPITACION,ONCOLOGIA,ONCOLOGIA,OTROS,CAPITACION,ONCOLOGIA,ONCOLOGIA,V,2022-08-12,AMBULATORIO,N,,2022-08-17
R13,PROGRAMA JUVENIL,,,A,PREVENCION,PREVENCION,PREVENCION,PREVENCION,AMBULATORIO,PREVENCION,PREVENCION,AMBULATORIO,V,2022-08-12,PREVENCION,N,S,2022-08-17
D8,BOTIQUINES,,,A,EMERGENCIA,EMERGENCIA,EMERGENCIA,EMERGENCIA,EMERGENCIA,EMERGENCIA,EMERGENCIA,EMERGENCIA,V,2010-02-08,EMERGENCIA,N,,2022-08-17
R3,AMBULANCIAS POR EVENTO,,,A,OTROS,OTROS,OTROS,AMBULANCIA,EMERGENCIA,EMERGENCIA,EMERGENCIA,EMERGENCIA,V,2010-02-08,EMERGENCIA,N,,2022-08-17
R5,AMBULANCIA POR EMERGENCIA MEDICA,,,A,OTROS,OTROS,OTROS,AMBULANCIA,EMERGENCIA,EMERGENCIA,EMERGENCIA,EMERGENCIA,V,2010-02-08,EMERGENCIA,N,,2022-08-17
W2,MUERTE NATURAL,,,L,SEPELIO,SEPELIO,SEPELIO,SEPELIO,OTROS,SEPELIO,SEPELIO,SEPELIO,V,2010-02-08,SEPELIO,N,,2022-08-17
X7,COBERTURA ADICIONAL,,,L,EMERGENCIA,EMERGENCIA,EMERGENCIA,EMERGENCIA,OTROS,OTROS,OTROS,OTROS,V,2010-02-08,OTROS,N,,2022-08-17
"5",TRANSPORTE POR EVACUACION,,,L,OTROS,OTROS,OTROS,TRANSPORTE,OTROS,OTROS,OTROS,OTROS,V,2010-03-01,OTROS,N,,2022-08-17
G4,TRASLADO AEREO NAC.E INTER.POR EMERGENC.,,,L,OTROS,OTROS,OTROS,TRANSPORTE,OTROS,OTROS,OTROS,OTROS,V,2010-03-01,OTROS,N,,2022-08-17
D04,BLANQUEAMIENTO DENTAL,,,A,ODONTOLOGIA,ODONTOLOGIA,ODONTOLOGIA,ODONTOLOGIA,ODONTOLOGIA,ODONTOLOGIA,ODONTOLOGIA,ODONTOLOGIA,V,2022-08-12,ODONTOLOGIA,N,,2022-08-17
H08,ENFERMEDADES EPIDEMICAS HOSPITALARIAS,,,A,HOSPITALARIO,HOSPITALARIO,HOSPITALARIO,HOSPITALARIO,HOSPITALARIO,HOSPITALARIO,HOSPITALARIO,HOSPITALARIO,V,2022-08-12,HOSPITALARIO,N,,2022-08-17
O07,RECONSTRUCCION MAMARIA AMBULATORIO,,,A,ONCOLOGIA AMBULATORIA,AMBULATORIO,ONCOLOGIA,ONCOLOGIA,AMBULATORIO,AMBULATORIO,ONCOLOGIA,ONCOLOGIA,V,2022-08-12,AMBULATORIO,N,,2022-08-17
O08,RECONSTRUCCION MAMARIA HOSPITALARIA,,,H,ONCOLOGIA HOSPITALARIA,HOSPITALARIO,ONCOLOGIA,ONCOLOGIA,HOSPITALARIO,HOSPITALARIO,ONCOLOGIA,ONCOLOGIA,V,2022-08-12,HOSPITALARIO,N,,2022-08-17
T04,ASISTENCIA EN VIAJE,,,A,OTROS,OTROS,OTROS,OTROS,OTROS,OTROS,OTROS,OTROS,V,2022-08-12,OTROS,N,,2022-08-17
N03,ENFERMEDADES CONGENITAS NO CONOCIDAS AMB,,,A,AMBULATORIO,AMBULATORIO,AMBULATORIO,ENF CONGENITAS,AMBULATORIO,AMBULATORIO,AMBULATORIO,AMBULATORIO,V,2022-08-12,AMBULATORIO,N,,2022-08-17
N04,ENFERMEDADES CONGENITAS NO CONOCIDAS HSP,,,H,HOSPITALARIO,HOSPITALARIO,HOSPITALARIO,ENF CONGENITAS,HOSPITALARIO,HOSPITALARIO,HOSPITALARIO,HOSPITALARIO,V,2022-08-12,HOSPITALARIO,N,,2022-08-17
R17,NUTRICIONISTA A DOMICILIO,,,A,MEDICO A DOMICILIO,AMBULATORIO,AMBULATORIO,MEDICO A DOMICILIO,DOMICILIARIA,AMBULATORIO,MEDICO A DOMICILIO,AMBULATORIO,V,2022-08-12,MEDICO DOMICILIO,N,S,2022-08-17
M17,CESAREA (EN CARENCIA),,,L,MATERNIDAD HOSPITALARIA,MATERNIDAD,MATERNIDAD,MATERNIDAD HOSPITALARIA,OTROS,OTROS,OTROS,OTROS,V,2022-08-12,OTROS,N,,2022-08-17
Z04,ONCOLOGICO AMBULATORIO 2DA CAPA,,,A,ONCOLOGIA AMBULATORIA,AMBULATORIO,ONCOLOGIA,ONCOLOGIA,,,,,V,2022-08-12,,N,,2022-08-17
A38,BENEFICIO ADICIONAL,,,A,AMBULATORIO,AMBULATORIO,AMBULATORIO,AMBULATORIO,,,,,V,2022-08-12,,N,,2022-08-17
Q04,FONIATRIA,,,A,AMBULATORIO,AMBULATORIO,AMBULATORIO,MEDICINA FISICA,,,,,V,2022-08-12,,N,,2022-08-17
V22,ENFERMEDAD CRONICA ASMA AMI,,,A,PROGRAMAS CRONICOS,AMBULATORIO,AMBULATORIO,PROGRAMAS CRONICOS,,,,,V,2022-08-12,,N,,2022-08-17
V23,ENFERMEDAD CRONICA DIABETES AMI,,,A,PROGRAMAS CRONICOS,AMBULATORIO,AMBULATORIO,PROGRAMAS CRONICOS,,,,,V,2022-08-12,,N,,2022-08-17
V24,ENFERMEDAD CRONICA HTA AMI,,,A,PROGRAMAS CRONICOS,AMBULATORIO,AMBULATORIO,PROGRAMAS CRONICOS,,,,,V,2022-08-12,,N,,2022-08-17
V25,ENFERMEDAD CRONICA DISLIPIDEMIA AMI,,,A,PROGRAMAS CRONICOS,AMBULATORIO,AMBULATORIO,PROGRAMAS CRONICOS,,,,,V,2022-08-12,,N,,2022-08-17
A26,DELIVERY MEDICINAS,,,,AMBULATORIO,AMBULATORIO,AMBULATORIO,AMBULATORIO,,,,,V,2022-08-12,,N,,2022-08-17
A27,AMBULATORIA PRE 30 DIAS/ POS 30 DIAS HOS,,,,AMBULATORIO,AMBULATORIO,AMBULATORIO,AMBULATORIO,,,,,V,2022-08-12,,N,,2022-08-17
A28,SEGUNDA OPINION CIRUGIA,,,,AMBULATORIO,AMBULATORIO,AMBULATORIO,SEGUNDA OPINION,,,,,V,2022-08-12,,N,,2022-08-17
A29,OXIGENOTERAPIA,,,,AMBULATORIO,AMBULATORIO,AMBULATORIO,AMBULATORIO,,,,,V,2022-08-12,,N,,2022-08-17
A31,ENF DEL RECIEN NACIDO AMB HASTA 6 MESES,,,,AMBULATORIO,AMBULATORIO,AMBULATORIO,AMBULATORIO,,,,,V,2022-08-12,,N,,2022-08-17
A33,AMBULATORIO EN EL EXTRANJERO,,,,AMBULATORIO,AMBULATORIO,AMBULATORIO,AMBULATORIO EN EL EXTRANJERO,,,,,V,2022-08-12,,N,,2022-08-17
A34,CIRUGIA AMBULATORIA EN EL EXTRANJERO,,,,AMBULATORIO,AMBULATORIO,AMBULATORIO,CIRUGIA AMBULATORIA EN EL EXTRANJERO,,,,,V,2022-08-12,,N,S,2022-08-17
D02,GASTOS ODONTOLOGICOS POR ACCIDENTE,,,,ODONTOLOGIA,ODONTOLOGIA,ODONTOLOGIA,ODONTOLOGIA,,,,,V,2022-08-12,,N,,2022-08-17
D03,CIRUGIA DENTAL,,,,ODONTOLOGIA,ODONTOLOGIA,ODONTOLOGIA,ODONTOLOGIA,,,,,V,2022-08-12,,N,,2022-08-17
E07,"HUELGAS CONMOCION CIVIL, DAÑOS MALICIOSO",,,,EMERGENCIA,EMERGENCIA,EMERGENCIA,EMERGENCIA,,,,,V,2022-08-12,,N,,2022-08-17
H07,ENF RN HOSP HASTA 6 MESES DE EDAD,,,,HOSPITALARIO,HOSPITALARIO,HOSPITALARIO,HOSPITALARIO,,,,,V,2022-08-12,,N,,2022-08-17
H09,HOSPITALARIO  EN EL EXTRANJERO,,,,HOSPITALARIO,HOSPITALARIO,HOSPITALARIO,HOSPITALARIO  EN EL EXTRANJERO,,,,,V,2022-08-12,,N,,2022-08-17
J01,TRANSPLANTE DE ORGANOS AMBULATORIO,,,,AMBULATORIO,AMBULATORIO,AMBULATORIO,TRANSPLANTE DE ORGANOS,,,,,V,2022-08-12,,N,,2022-08-17
J02,TRANSPLANTE DE ORGANOS HOSPITALARIO,,,,HOSPITALARIO,HOSPITALARIO,HOSPITALARIO,TRANSPLANTE DE ORGANOS,,,,,V,2022-08-12,,N,,2022-08-17
L07,ATENCIONES OFTALMOLOGICAS AMBULATORIAS,,,,AMBULATORIO,AMBULATORIO,AMBULATORIO,OFTALMOLOGIA,,,,,V,2022-08-12,,N,,2022-08-17
L08,ATENCIONES OFTALMOLOGICAS HOSPITALARIAS,,,,HOSPITALARIO,HOSPITALARIO,HOSPITALARIO,OFTALMOLOGIA,,,,,V,2022-08-12,,N,,2022-08-17
L09,LENTE INTRAOCULAR,,,,AMBULATORIO,AMBULATORIO,AMBULATORIO,OFTALMOLOGIA,,,,,V,2022-08-12,,N,,2022-08-17
L10,GASTOS OFTALMOLOGICOS POR ACCIDENTE,,,,AMBULATORIO,AMBULATORIO,AMBULATORIO,OFTALMOLOGIA,,,,,V,2022-08-12,,N,,2022-08-17
M13,PROGRAMA RECUPERACION POST PARTO (PERSON,,,,MATERNIDAD AMBULATORIA,MATERNIDAD,MATERNIDAD,MATERNIDAD AMBULATORIA,,,,,V,2022-08-12,,N,,2022-08-17
M14,SCREENING GENETICO PRE NATAL,,,,MATERNIDAD AMBULATORIA,MATERNIDAD,MATERNIDAD,MATERNIDAD AMBULATORIA,,,,,V,2022-08-12,,N,,2022-08-17
M15,MATERNIDAD PARTO NORMAL/PARTO MULTIPLE/C,,,,MATERNIDAD HOSPITALARIA,MATERNIDAD,MATERNIDAD,MATERNIDAD HOSPITALARIA,,,,,V,2022-08-12,,N,,2022-08-17
O06,ONCOLOGICO,,,,ONCOLOGIA HOSPITALARIA,HOSPITALARIO,ONCOLOGIA,ONCOLOGIA,,,,,A,2022-08-12,,N,,2022-08-17
O09,DELIVERY DE MEDICINAS ONCOLOGICAS,,,,ONCOLOGIA AMBULATORIA,AMBULATORIO,ONCOLOGIA,ONCOLOGIA,,,,,V,2022-08-12,,N,,2022-08-17
O11,TRANSPLANTE DE MEDULA,,,,ONCOLOGIA HOSPITALARIA,HOSPITALARIO,ONCOLOGIA,ONCOLOGIA,,,,,V,2022-08-12,,N,,2022-08-17
P06,PSICOPEDAGOGIA,,,,AMBULATORIO,AMBULATORIO,AMBULATORIO,SALUD MENTAL,,,,,V,2022-08-12,,N,,2022-08-17
Q03,FISIATRIA,,,,AMBULATORIO,AMBULATORIO,AMBULATORIO,MEDICINA FISICA,,,,,V,2022-08-12,,N,,2022-08-17
S04,INVALIDEZ PERMANENTE TOTAL,,,,OTROS,OTROS,OTROS,OTROS,,,,,V,2022-08-12,,N,,2022-08-17
S05,INVALIDEZ PERMANENTE PARCIAL,,,,OTROS,OTROS,OTROS,OTROS,,,,,V,2022-08-12,,N,,2022-08-17
S06,LIBERACION DE PRIMAS POR MUERTE DE TITUL,,,,OTROS,OTROS,OTROS,OTROS,,,,,V,2022-08-12,,N,,2022-08-17
S07,RENTA HOSPITALARIA,,,,OTROS,OTROS,OTROS,OTROS,,,,,V,2022-08-12,,N,,2022-08-17
S08,HIJOS DISCAPACITADOS,,,,OTROS,OTROS,OTROS,OTROS,,,,,V,2022-08-12,,N,,2022-08-17
S09,GASTOS DE SEPELIO POR MUERTE ACCIDENTAL,,,,SEPELIO,SEPELIO,SEPELIO,SEPELIO,,,,,V,2022-08-12,,N,,2022-08-17
S10,CREMACION,,,,SEPELIO,SEPELIO,SEPELIO,SEPELIO,,,,,V,2022-08-12,,N,,2022-08-17
T02,TRASLADO AERO NACIONAL POR EMERGENCIA,,,,OTROS,OTROS,OTROS,TRANSPORTE,,,,,V,2022-08-12,,N,,2022-08-17
T03,TRASLADO TERRESTRE,,,,OTROS,OTROS,OTROS,TRANSPORTE,,,,,V,2022-08-12,,N,,2022-08-17
T07,AMBULACIAS POR EVENTO,,,,OTROS,OTROS,OTROS,TRANSPORTE,,,,,V,2022-08-12,,N,,2022-08-17
T08,ESCOLTA MEDICA,,,,OTROS,OTROS,OTROS,TRANSPORTE,,,,,V,2022-08-12,,N,,2022-08-17
X04,HEMOTERAPIA,,,,AMBULATORIO,AMBULATORIO,AMBULATORIO,AMBULATORIO,,,,,V,2022-08-12,,N,,2022-08-17
A25,MEDICINAS DE ATENCION AMBULATORIA EN LIM,,,,AMBULATORIO,AMBULATORIO,AMBULATORIO,AMBULATORIO,,,,,V,2022-08-12,,N,,2022-08-17
X05,HEMODIALISIS,,,,AMBULATORIO,AMBULATORIO,AMBULATORIO,AMBULATORIO,,,,,V,2022-08-12,,N,,2022-08-17
X06,TERAPIA HIPERBARICA CON OXIGENO,,,,AMBULATORIO,AMBULATORIO,AMBULATORIO,AMBULATORIO,,,,,V,2022-08-12,,N,,2022-08-17
Z03,ENFERMEDAD DE ALTO RIESGO (CATASTROFICA),,,,OTROS,OTROS,OTROS,OTROS,,,,,V,2022-08-12,,N,,2022-08-17
Z05,ONCOLOGICO HOSPITALARIO 2DA CAPA,,,,ONCOLOGIA HOSPITALARIA,HOSPITALARIO,ONCOLOGIA,ONCOLOGIA,,,,,V,2022-08-12,,N,,2022-08-17
Z06,ENFERMEDAD DEL CORAZON AMBULATORIO 2DA C,,,,AMBULATORIO,AMBULATORIO,AMBULATORIO,AMBULATORIO,,,,,V,2022-08-12,,N,,2022-08-17
Z07,ENFERMEDAD DEL CORAZON HOSPITALARIO 2DA,,,,HOSPITALARIO,HOSPITALARIO,HOSPITALARIO,HOSPITALARIO,,,,,V,2022-08-12,,N,,2022-08-17
T09,AMBULANCIA AEREA NACIONAL E INTERNACIONA,,,,OTROS,OTROS,OTROS,TRANSPORTE,,,,,V,2022-08-12,,N,,2022-08-17
M16,PERFIL OBSTETRICO PRE NATAL (1ER TRIMEST,,,,MATERNIDAD AMBULATORIA,MATERNIDAD,MATERNIDAD,MATERNIDAD AMBULATORIA,,,,,V,2022-08-12,,N,,2022-08-17
E08,GASTO DE CURACION,,,,EMERGENCIA,EMERGENCIA,EMERGENCIA,EMERGENCIA,,,,,V,2022-08-12,,N,,2022-08-17
E09,GASTOS MEDICOS,,,,EMERGENCIA,EMERGENCIA,EMERGENCIA,EMERGENCIA,,,,,V,2022-08-12,,N,,2022-08-17
E10,URGENCIA ASISTIDA,,,,EMERGENCIA,EMERGENCIA,EMERGENCIA,EMERGENCIA,,,,,V,2022-08-12,,N,,2022-08-17
E11,COBERTURA ADICIONAL,,,,EMERGENCIA,EMERGENCIA,EMERGENCIA,EMERGENCIA,,,,,V,2022-08-12,,N,,2022-08-17
E12,DEPORTES NO PROFESIONALES,,,,EMERGENCIA,EMERGENCIA,EMERGENCIA,EMERGENCIA,,,,,V,2022-08-12,,N,,2022-08-17
E13,PASAJERO Y/O CONDUCTOR DE CUALQUIER,,,,EMERGENCIA,EMERGENCIA,EMERGENCIA,EMERGENCIA,,,,,V,2022-08-12,,N,,2022-08-17
E14,POR EL USO COMO PASAJERO DE AVIONES,,,,EMERGENCIA,EMERGENCIA,EMERGENCIA,EMERGENCIA,,,,,V,2022-08-12,,N,,2022-08-17
E15,TERREMOTOS Y/O FENOMENOS NATURALES,,,,EMERGENCIA,EMERGENCIA,EMERGENCIA,EMERGENCIA,,,,,V,2022-08-12,,N,,2022-08-17
H10,CIRUGIA CORONARIA,,,,HOSPITALARIO,HOSPITALARIO,HOSPITALARIO,HOSPITALARIO,,,,,V,2022-08-12,,N,,2022-08-17
H11,APOYO PARCIAL PARA CASOS DE HOSPITALIZAC,,,,HOSPITALARIO,HOSPITALARIO,HOSPITALARIO,HOSPITALARIO,,,,,V,2022-08-12,,N,,2022-08-17
P07,SESIONES PSICOLOGICAS,,,,AMBULATORIO,AMBULATORIO,AMBULATORIO,SALUD MENTAL,,,,,V,2022-08-12,,N,,2022-08-17
S11,SEGURO DE VIDA,,,,OTROS,OTROS,OTROS,OTROS,,,,,V,2022-08-12,,N,,2022-08-17
S12,ASISTENCIA HOGAR SEGURO,,,,OTROS,OTROS,OTROS,OTROS,,,,,V,2022-08-12,,N,,2022-08-17
S13,IMPREVISTOS EN EL VIAJE,,,,OTROS,OTROS,OTROS,OTROS,,,,,V,2022-08-12,,N,,2022-08-17
S14,DESGRAVAMEN DE PENSIONES PENDIENTES DE P,,,,OTROS,OTROS,OTROS,OTROS,,,,,V,2022-08-12,,N,,2022-08-17
S15,GASTO DE SEPELIO PARA EL REASPONSABLE EC,,,,SEPELIO,SEPELIO,SEPELIO,SEPELIO,,,,,V,2022-08-12,,N,,2022-08-17
S16,GASTO DE SEPELIO POR MUERTE NATURAL,,,,SEPELIO,SEPELIO,SEPELIO,SEPELIO,,,,,V,2022-08-12,,N,,2022-08-17
S17,MUERTE NATURAL,,,,SEPELIO,SEPELIO,SEPELIO,SEPELIO,,,,,V,2022-08-12,,N,,2022-08-17
S18,PAGO PENSION ESTUD MUERTE ACCIDENTAL,,,,OTROS,OTROS,OTROS,OTROS,,,,,V,2022-08-12,,N,,2022-08-17
S19,RENTA MENSUAL POR INCAPACIDAD,,,,OTROS,OTROS,OTROS,OTROS,,,,,V,2022-08-12,,N,,2022-08-17
S20,PAGO EN CASO DE HOSPITALIZACION,,,,OTROS,OTROS,OTROS,OTROS,,,,,V,2022-08-12,,N,,2022-08-17
Y01,ONCOLOGIA - INDEMMIZATORIO,,,,OTROS,OTROS,OTROS,INDEMNIZATORIO,,,,,V,2022-08-12,,N,,2022-08-17
Y02,INFARTO DEL MIOCARDIO INDEMMIZATORIO,,,,OTROS,OTROS,OTROS,INDEMNIZATORIO,,,,,V,2022-08-12,,N,,2022-08-17
Y03,CIRUGIA ARTERIO CORONARIA (BYPASS) INDEM,,,,OTROS,OTROS,OTROS,INDEMNIZATORIO,,,,,V,2022-08-12,,N,,2022-08-17
Y04,DERRAME E INFARTO CEREBRAL INDEMMIZATORI,,,,OTROS,OTROS,OTROS,INDEMNIZATORIO,,,,,V,2022-08-12,,N,,2022-08-17
Y05,INSUFICIENCIA RENAL INDEMMIZATORIO,,,,OTROS,OTROS,OTROS,INDEMNIZATORIO,,,,,V,2022-08-12,,N,,2022-08-17
Y06,TRANSPLANTE DE ORGANO MAYO INDEMMIZATORI,,,,OTROS,OTROS,OTROS,INDEMNIZATORIO,,,,,V,2022-08-12,,N,,2022-08-17
Y07,PARALISIS INDEMMIZATORIO,,,,OTROS,OTROS,OTROS,INDEMNIZATORIO,,,,,V,2022-08-12,,N,,2022-08-17
Y08,CEGUERA INDEMMIZATORIO,,,,OTROS,OTROS,OTROS,INDEMNIZATORIO,,,,,V,2022-08-12,,N,,2022-08-17
Y09,CIRUGIA DE VALVULA CARDICA INDEMIMIZATOR,,,,OTROS,OTROS,OTROS,INDEMNIZATORIO,,,,,V,2022-08-12,,N,,2022-08-17
Y10,CIRUGIA DE LA AORTA INDEMMMIZATORIO,,,,OTROS,OTROS,OTROS,INDEMNIZATORIO,,,,,V,2022-08-12,,N,,2022-08-17
Y11,ESCLEROSIS MULTIPLE INDEMMIZATORIO,,,,OTROS,OTROS,OTROS,INDEMNIZATORIO,,,,,V,2022-08-12,,N,,2022-08-17
Y12,QUEMADURAS GRAVES INDEMMIZATORIO,,,,OTROS,OTROS,OTROS,INDEMNIZATORIO,,,,,V,2022-08-12,,N,,2022-08-17
Y13,ENFERMEDADES GRAVES FEMENINAS INDEMMIZAT,,,,OTROS,OTROS,OTROS,INDEMNIZATORIO,,,,,V,2022-08-12,,N,,2022-08-17
Y14,MUERTE DE LA ASEGURADA POR PARTO INDEMMI,,,,OTROS,OTROS,OTROS,INDEMNIZATORIO,,,,,V,2022-08-12,,N,,2022-08-17
Y15,PADECIMIENTOS CONGENITOS DEL RN INDEMMIZ,,,,OTROS,OTROS,OTROS,INDEMNIZATORIO,,,,,V,2022-08-12,,N,,2022-08-17
A35,GASTOS DE CURACION AMBULATORIO,,,,AMBULATORIO,AMBULATORIO,AMBULATORIO,AMBULATORIO,,,,,V,2022-08-12,,N,,2022-08-17
A36,PERSONAL MEDICO,,,,AMBULATORIO,AMBULATORIO,AMBULATORIO,AMBULATORIO,,,,,V,2022-08-12,,N,,2022-08-17
T10,TRANSPORTE POR EVACUACIÓN INTERNACIONAL,,,,OTROS,OTROS,OTROS,TRANSPORTE,,,,,V,2022-08-12,,N,,2022-08-17
M18,CRIOPRESERVACION,,,,OTROS,OTROS,OTROS,OTROS,,,,,V,2022-08-12,,N,,2022-08-17
O12,TRATAMIENTO EXPERIMENTAL POR CÁNCER (CLI,,,,ONCOLOGIA HOSPITALARIA,HOSPITALARIO,ONCOLOGIA,ONCOLOGIA,,,,,V,2022-08-12,,N,,2022-08-17
E16,COBERTURA ADICIONAL POR INTOXICACION ALI,,,,EMERGENCIA,EMERGENCIA,EMERGENCIA,EMERGENCIA,,,,,V,2022-08-12,,N,,2022-08-17
R18,CHEQUEO MEDICO SD,,,,PREVENCION,PREVENCION,PREVENCION,PREVENCION,,,,,V,2022-08-12,,N,,2022-08-17
S21,PAGO DE PENSION ESTUD. MUERTE NATURAL,,,,OTROS,OTROS,OTROS,OTROS,,,,,V,2022-08-12,,N,,2022-08-17
